"0","eleicoes2006 = select(eleicoes2006, uf, partido, quantidade_doadores, media_receita, recursos_de_pessoas_fisicas, quantidade_fornecedores, total_despesa, media_despesa, sexo, estado_civil, ocupacao, votos)"
"0","e2006lm = lm(votos ~ . , data = eleicoes2006)"
"0","print(summary(e2006lm))"
"1","
Call:
"
"1","lm(formula = votos ~ ., data = eleicoes2006)"
"1","

"
"1","Residuals:
"
"1","    Min "
"1","     1Q "
"1"," Median "
"1","     3Q "
"1","    Max "
"1","
"
"1","-6.1693 "
"1","-0.5964 "
"1"," 0.0186 "
"1"," 0.6323 "
"1"," 5.3245 "
"1","
"
"1","
Coefficients:
"
"1","                                                                              "
"1","   Estimate"
"1","
(Intercept)                                                                   "
"1","  5.408e+00"
"1","
ufAL                                                                          "
"1","  7.907e-01"
"1","
ufAM                                                                          "
"1","  5.566e-01"
"1","
ufAP                                                                          "
"1"," -1.585e-01"
"1","
ufBA                                                                          "
"1","  9.392e-01"
"1","
ufCE                                                                          "
"1","  1.089e+00"
"1","
ufDF                                                                          "
"1"," -2.832e-01"
"1","
ufES                                                                          "
"1","  8.175e-01"
"1","
ufGO                                                                          "
"1","  5.163e-01"
"1","
ufMA                                                                          "
"1","  1.136e+00"
"1","
ufMG                                                                          "
"1","  6.455e-01"
"1","
ufMS                                                                          "
"1","  1.599e-01"
"1","
ufMT                                                                          "
"1","  1.669e-01"
"1","
ufPA                                                                          "
"1","  9.586e-01"
"1","
ufPB                                                                          "
"1","  8.796e-01"
"1","
ufPE                                                                          "
"1","  8.619e-01"
"1","
ufPI                                                                          "
"1","  6.229e-01"
"1","
ufPR                                                                          "
"1","  5.613e-01"
"1","
ufRJ                                                                          "
"1","  6.974e-01"
"1","
ufRN                                                                          "
"1","  1.012e+00"
"1","
ufRO                                                                          "
"1","  4.589e-01"
"1","
ufRR                                                                          "
"1"," -3.949e-01"
"1","
ufRS                                                                          "
"1","  4.584e-01"
"1","
ufSC                                                                          "
"1","  5.747e-01"
"1","
ufSE                                                                          "
"1","  1.112e+00"
"1","
ufSP                                                                          "
"1","  3.179e-01"
"1","
ufTO                                                                          "
"1"," -8.819e-02"
"1","
partidoPC do B                                                                "
"1","  4.791e-02"
"1","
partidoPCB                                                                    "
"1"," -9.059e-02"
"1","
partidoPCO                                                                    "
"1"," -7.581e-01"
"1","
partidoPDT                                                                    "
"1","  2.967e-01"
"1","
partidoPFL                                                                    "
"1","  5.040e-01"
"1","
partidoPHS                                                                    "
"1"," -2.938e-01"
"1","
partidoPL                                                                     "
"1"," -1.215e-02"
"1","
partidoPMDB                                                                   "
"1","  4.252e-01"
"1","
partidoPMN                                                                    "
"1","  1.610e-02"
"1","
partidoPP                                                                     "
"1","  3.648e-01"
"1","
partidoPPS                                                                    "
"1","  2.789e-02"
"1","
partidoPRB                                                                    "
"1","  8.531e-02"
"1","
partidoPRONA                                                                  "
"1","  1.468e-01"
"1","
partidoPRP                                                                    "
"1"," -1.819e-01"
"1","
partidoPRTB                                                                   "
"1"," -2.858e-01"
"1","
partidoPSB                                                                    "
"1"," -2.035e-02"
"1","
partidoPSC                                                                    "
"1","  3.763e-01"
"1","
partidoPSDB                                                                   "
"1","  3.564e-01"
"1","
partidoPSDC                                                                   "
"1"," -2.610e-01"
"1","
partidoPSL                                                                    "
"1"," -9.897e-02"
"1","
partidoPSOL                                                                   "
"1"," -8.908e-02"
"1","
partidoPSTU                                                                   "
"1","  2.229e-01"
"1","
partidoPT                                                                     "
"1","  3.929e-01"
"1","
partidoPT do B                                                                "
"1","  8.110e-03"
"1","
partidoPTB                                                                    "
"1","  3.159e-01"
"1","
partidoPTC                                                                    "
"1","  6.607e-02"
"1","
partidoPTN                                                                    "
"1"," -2.391e-01"
"1","
partidoPV                                                                     "
"1"," -7.879e-03"
"1","
quantidade_doadores                                                           "
"1","  4.394e-01"
"1","
media_receita                                                                 "
"1","  2.124e-05"
"1","
recursos_de_pessoas_fisicas                                                   "
"1","  1.920e-06"
"1","
quantidade_fornecedores                                                       "
"1","  3.775e-01"
"1","
total_despesa                                                                 "
"1"," -2.222e-08"
"1","
media_despesa                                                                 "
"1","  1.414e-04"
"1","
sexoMASCULINO                                                                 "
"1","  2.180e-01"
"1","
estado_civilDIVORCIADO(A)                                                     "
"1"," -1.084e-01"
"1","
estado_civilSEPARADO(A) JUDICIALMENTE                                         "
"1"," -1.597e-01"
"1","
estado_civilSOLTEIRO(A)                                                       "
"1"," -1.570e-01"
"1","
estado_civilVIÚVO(A)                                                          "
"1","  1.411e-01"
"1","
ocupacaoADVOGADO                                                              "
"1"," -2.903e-01"
"1","
ocupacaoAGENCIADOR DE PROPAGANDA                                              "
"1"," -5.969e-01"
"1","
ocupacaoAGENTE ADMINISTRATIVO                                                 "
"1"," -5.915e-01"
"1","
ocupacaoAGENTE DE SAÚDE E SANITARISTA                                         "
"1"," -3.601e-01"
"1","
ocupacaoAGENTE DE VIAGEM                                                      "
"1"," -2.836e-01"
"1","
ocupacaoAGENTE POSTAL                                                         "
"1","  5.602e-01"
"1","
ocupacaoAGRICULTOR                                                            "
"1"," -1.757e-02"
"1","
ocupacaoAGRÔNOMO                                                              "
"1","  4.050e-01"
"1","
ocupacaoALFAIATE E COSTUREIRO                                                 "
"1"," -4.748e-01"
"1","
ocupacaoALMOXARIFE                                                            "
"1"," -1.748e+00"
"1","
ocupacaoANALISTA DE SISTEMAS                                                  "
"1"," -7.982e-01"
"1","
ocupacaoAPOSENTADO (EXCETO SERVIDOR PÚBLICO)                                  "
"1"," -5.527e-01"
"1","
ocupacaoARQUITETO                                                             "
"1"," -2.026e-02"
"1","
ocupacaoARTESÃO                                                               "
"1"," -8.219e-01"
"1","
ocupacaoARTISTA DE CIRCO                                                      "
"1","  7.806e-01"
"1","
ocupacaoARTISTA PLÁSTICO E ASSEMELHADOS                                       "
"1","  5.551e-01"
"1","
ocupacaoASSISTENTE SOCIAL                                                     "
"1"," -3.745e-01"
"1","
ocupacaoATLETA PROFISSIONAL E TÉCNICO EM DESPORTOS                            "
"1"," -7.610e-03"
"1","
ocupacaoATOR E DIRETOR DE ESPETÁCULOS PÚBLICOS                                "
"1"," -1.937e-01"
"1","
ocupacaoAUXILIAR DE ESCRITÓRIO E ASSEMELHADOS                                 "
"1"," -2.772e-01"
"1","
ocupacaoAUXILIAR DE LABORATÓRIO                                               "
"1","  4.926e-01"
"1","
ocupacaoBANCÁRIO E ECONOMIÁRIO                                                "
"1"," -5.676e-01"
"1","
ocupacaoBIBLIOTECÁRIO                                                         "
"1","  3.969e-01"
"1","
ocupacaoBIÓLOGO                                                               "
"1"," -9.327e-01"
"1","
ocupacaoBIOMÉDICO                                                             "
"1"," -5.040e-01"
"1","
ocupacaoBOMBEIRO MILITAR                                                      "
"1"," -2.172e-01"
"1","
ocupacaoCABELEIREIRO E BARBEIRO                                               "
"1","  9.601e-02"
"1","
ocupacaoCANTOR E COMPOSITOR                                                   "
"1","  7.402e-01"
"1","
ocupacaoCAPITALISTA DE ATIVOS FINANCEIROS                                     "
"1"," -2.355e+00"
"1","
ocupacaoCARPINTEIRO, MARCENEIRO E ASSEMELHADOS                                "
"1"," -3.408e-01"
"1","
ocupacaoCIENTISTA POLÍTICO                                                    "
"1"," -4.186e-01"
"1","
ocupacaoCOMERCIANTE                                                           "
"1"," -1.256e-01"
"1","
ocupacaoCOMERCIÁRIO                                                           "
"1"," -6.095e-01"
"1","
ocupacaoCONTADOR                                                              "
"1"," -3.028e-01"
"1","
ocupacaoCORRETOR DE IMÓVEIS, SEGUROS, TÍTULOS E VALORES                       "
"1"," -7.151e-01"
"1","
ocupacaoCOZINHEIRO                                                            "
"1"," -7.141e-01"
"1","
ocupacaoDEPUTADO                                                              "
"1","  5.045e-01"
"1","
ocupacaoDESENHISTA                                                            "
"1"," -5.039e-01"
"1","
ocupacaoDESPACHANTE                                                           "
"1"," -1.565e-01"
"1","
ocupacaoDETETIVE PARTICULAR                                                   "
"1"," -6.097e-01"
"1","
ocupacaoDIGITADOR                                                             "
"1"," -1.233e+00"
"1","
ocupacaoDIPLOMATA                                                             "
"1"," -1.027e+00"
"1","
ocupacaoDIRETOR DE EMPRESAS                                                   "
"1"," -2.782e-01"
"1","
ocupacaoDIRETOR DE ESTABELECIMENTO DE ENSINO                                  "
"1","  1.556e-01"
"1","
ocupacaoDONA DE CASA                                                          "
"1"," -5.609e-01"
"1","
ocupacaoECONOMISTA                                                            "
"1"," -3.520e-01"
"1","
ocupacaoELETRICISTA E ASSEMELHADOS                                            "
"1"," -9.031e-01"
"1","
ocupacaoEMPRESÁRIO                                                            "
"1"," -1.804e-01"
"1","
ocupacaoENCANADOR, SOLDADOR, CHAPEADOR E CALDEIREIRO                          "
"1"," -1.107e+00"
"1","
ocupacaoENFERMEIRO                                                            "
"1","  3.979e-01"
"1","
ocupacaoENGENHEIRO                                                            "
"1"," -2.552e-02"
"1","
ocupacaoESCRITOR E CRÍTICO                                                    "
"1"," -1.160e+00"
"1","
ocupacaoESTUDANTE, BOLSISTA, ESTAGIÁRIO E ASSEMELHADOS                        "
"1"," -7.291e-02"
"1","
ocupacaoFARMACÊUTICO                                                          "
"1"," -9.429e-02"
"1","
ocupacaoFEIRANTE, AMBULANTE E MASCATE                                         "
"1","  2.906e-01"
"1","
ocupacaoFERROVIÁRIO                                                           "
"1","  4.824e-01"
"1","
ocupacaoFIANDEIRO, TECELÃO, TINGIDOR E ASSEMELHADOS                           "
"1"," -1.277e-02"
"1","
ocupacaoFISCAL                                                                "
"1"," -1.121e+00"
"1","
ocupacaoFÍSICO                                                                "
"1"," -9.101e-01"
"1","
ocupacaoFISIOTERAPEUTA E TERAPEUTA OCUPACIONAL                                "
"1","  2.617e-01"
"1","
ocupacaoFOTÓGRAFO E ASSEMELHADOS                                              "
"1"," -2.346e+00"
"1","
ocupacaoGARÇOM                                                                "
"1"," -3.071e-02"
"1","
ocupacaoGEÓGRAFO                                                              "
"1"," -3.303e-01"
"1","
ocupacaoGEÓLOGO                                                               "
"1"," -4.410e-01"
"1","
ocupacaoGERENTE                                                               "
"1"," -5.285e-01"
"1","
ocupacaoHISTORIADOR                                                           "
"1"," -1.309e-01"
"1","
ocupacaoINDUSTRIAL                                                            "
"1"," -3.511e-01"
"1","
ocupacaoJORNALISTA E REDATOR                                                  "
"1"," -3.087e-01"
"1","
ocupacaoLEILOEIRO, AVALIADOR E ASSEMELHADOS                                   "
"1"," -1.965e+00"
"1","
ocupacaoLOCUTOR E COMENTARISTA DE RÁDIO E TELEVISÃO E RADIALISTA              "
"1","  1.100e-01"
"1","
ocupacaoMANICURE E MAQUILADOR                                                 "
"1"," -1.630e+00"
"1","
ocupacaoMECÂNICO DE MANUTENÇÃO                                                "
"1"," -3.860e-04"
"1","
ocupacaoMÉDICO                                                                "
"1","  3.310e-01"
"1","
ocupacaoMEMBRO DAS FORÇAS ARMADAS                                             "
"1"," -1.656e-01"
"1","
ocupacaoMESTRE E CONTRAMESTRE DE EMBARCAÇÃO                                   "
"1"," -1.413e-01"
"1","
ocupacaoMILITAR REFORMADO                                                     "
"1"," -3.735e-01"
"1","
ocupacaoMOTORISTA DE VEÍCULOS DE TRANSPORTE COLETIVO DE PASSAGEIROS           "
"1"," -3.127e-01"
"1","
ocupacaoMOTORISTA DE VEÍCULOS DE TRANSPORTE DE CARGA                          "
"1"," -3.191e-01"
"1","
ocupacaoMOTORISTA PARTICULAR                                                  "
"1"," -5.966e-01"
"1","
ocupacaoMÚSICO                                                                "
"1","  8.322e-01"
"1","
ocupacaoOCUPANTE DE CARGO EM COMISSÃO                                         "
"1"," -3.244e-01"
"1","
ocupacaoODONTÓLOGO                                                            "
"1"," -1.550e-01"
"1","
ocupacaoOPERADOR DE APARELHOS DE PRODUÇÃO INDUSTRIAL                          "
"1"," -3.904e-01"
"1","
ocupacaoOPERADOR DE COMPUTADOR                                                "
"1"," -2.309e+00"
"1","
ocupacaoOPERADOR DE EQUIPAMENTO DE RÁDIO, TELEVISÃO, SOM E CINEMA             "
"1","  3.297e-02"
"1","
ocupacaoOPERADOR DE INSTALAÇÃO DE PRODUÇÃO DE ENERGIA ELÉTRICA E NUCLEAR      "
"1"," -1.186e+00"
"1","
ocupacaoOUTROS                                                                "
"1"," -2.957e-01"
"1","
ocupacaoPADEIRO, CONFEITEIRO E ASSEMELHADOS                                   "
"1"," -9.902e-01"
"1","
ocupacaoPECUARISTA                                                            "
"1"," -5.260e-01"
"1","
ocupacaoPEDAGOGO                                                              "
"1"," -4.865e-01"
"1","
ocupacaoPESCADOR                                                              "
"1","  4.446e-01"
"1","
ocupacaoPETROLEIRO                                                            "
"1","  1.557e-01"
"1","
ocupacaoPILOTO DE AVIAÇÃO COMERCIAL, NAVEGADOR, MECÂNICO DE VÔO E ASSEMELHADOS"
"1"," -1.469e+00"
"1","
ocupacaoPOLICIAL CIVIL                                                        "
"1"," -7.550e-02"
"1","
ocupacaoPOLICIAL MILITAR                                                      "
"1"," -1.500e-01"
"1","
ocupacaoPORTEIRO DE EDIFÍCIO, ASCENSORISTA, GARAGISTA E ZELADOR               "
"1"," -1.257e+00"
"1","
ocupacaoPRODUTOR AGROPECUÁRIO                                                 "
"1"," -4.080e-01"
"1","
ocupacaoPRODUTOR DE ESPETÁCULOS PÚBLICOS                                      "
"1","  2.472e-01"
"1","
ocupacaoPROFESSOR DE ENSINO FUNDAMENTAL                                       "
"1"," -4.829e-01"
"1","
ocupacaoPROFESSOR DE ENSINO MÉDIO                                             "
"1"," -2.684e-01"
"1","
ocupacaoPROFESSOR DE ENSINO SUPERIOR                                          "
"1"," -3.813e-01"
"1","
ocupacaoPROFESSOR E INSTRUTOR DE FORMAÇÃO PROFISSIONAL                        "
"1"," -3.002e-01"
"1","
ocupacaoPROGRAMADOR DE COMPUTADOR                                             "
"1"," -3.705e-01"
"1","
ocupacaoPROTÉTICO                                                             "
"1"," -4.356e-01"
"1","
ocupacaoPSICÓLOGO                                                             "
"1"," -4.718e-01"
"1","
ocupacaoPUBLICITÁRIO                                                          "
"1"," -6.635e-01"
"1","
ocupacaoQUÍMICO                                                               "
"1"," -5.084e-02"
"1","
ocupacaoREPRESENTANTE COMERCIAL                                               "
"1"," -4.938e-01"
"1","
ocupacaoSACERDOTE OU MEMBRO DE ORDEM OU SEITA RELIGIOSA                       "
"1","  2.163e-01"
"1","
ocupacaoSECRETÁRIO E DATILÓGRAFO                                              "
"1"," -3.411e-01"
"1","
ocupacaoSENADOR                                                               "
"1","  9.510e-01"
"1","
ocupacaoSERVENTUÁRIO DE JUSTIÇA                                               "
"1"," -7.982e-01"
"1","
ocupacaoSERVIDOR PÚBLICO CIVIL APOSENTADO                                     "
"1"," -5.019e-01"
"1","
ocupacaoSERVIDOR PÚBLICO ESTADUAL                                             "
"1"," -3.639e-01"
"1","
ocupacaoSERVIDOR PÚBLICO FEDERAL                                              "
"1"," -5.245e-01"
"1","
ocupacaoSERVIDOR PÚBLICO MUNICIPAL                                            "
"1"," -4.167e-01"
"1","
ocupacaoSOCIÓLOGO                                                             "
"1"," -2.664e-01"
"1","
ocupacaoSUPERVISOR, INSPETOR E AGENTE DE COMPRAS E VENDAS                     "
"1"," -1.836e+00"
"1","
ocupacaoTABELIÃO                                                              "
"1","  3.059e-01"
"1","
ocupacaoTAQUÍGRAFO E ESTENÓGRAFO                                              "
"1","  6.016e-01"
"1","
ocupacaoTAXISTA                                                               "
"1"," -3.945e-01"
"1","
ocupacaoTÉCNICO CONTABILIDADE, ESTATÍSTICA, ECONOMIA DOMÉSTICA E ADMINISTRAÇÃO"
"1"," -4.792e-03"
"1","
ocupacaoTÉCNICO DE BIOLOGIA                                                   "
"1","  2.356e-02"
"1","
ocupacaoTÉCNICO DE ELETRICIDADE, ELETRÔNICA E TELECOMUNICAÇÕES                "
"1"," -9.183e-02"
"1","
ocupacaoTÉCNICO DE ENFERMAGEM E ASSEMELHADOS (EXCETO ENFERMEIRO)              "
"1"," -8.821e-01"
"1","
ocupacaoTÉCNICO DE LABORATÓRIO E RAIOS X                                      "
"1","  2.967e-01"
"1","
ocupacaoTÉCNICO DE MINERAÇÃO, METALURGIA E GEOLOGIA                           "
"1"," -1.265e+00"
"1","
ocupacaoTÉCNICO DE OBRAS CIVIS, ESTRADAS, SANEAMENTO E ASSEMELHADOS           "
"1"," -3.552e-01"
"1","
ocupacaoTÉCNICO EM AGRONOMIA E AGRIMENSURA                                    "
"1"," -5.651e-01"
"1","
ocupacaoTÉCNICO EM EDIFICAÇÕES                                                "
"1","  1.044e+00"
"1","
ocupacaoTÉCNICO EM INFORMÁTICA                                                "
"1"," -2.092e-01"
"1","
ocupacaoTELEFONISTA                                                           "
"1"," -1.227e+00"
"1","
ocupacaoTERAPEUTA                                                             "
"1"," -1.148e+00"
"1","
ocupacaoTRABALHADOR DE ARTES GRÁFICAS                                         "
"1","  1.216e-01"
"1","
"
"1","                                                                              "
"1"," Std. Error"
"1"," t value"
"1","
(Intercept)                                                                   "
"1","  2.602e-01"
"1","  20.780"
"1","
ufAL                                                                          "
"1","  2.161e-01"
"1","   3.659"
"1","
ufAM                                                                          "
"1","  2.208e-01"
"1","   2.521"
"1","
ufAP                                                                          "
"1","  2.201e-01"
"1","  -0.720"
"1","
ufBA                                                                          "
"1","  1.897e-01"
"1","   4.952"
"1","
ufCE                                                                          "
"1","  2.004e-01"
"1","   5.436"
"1","
ufDF                                                                          "
"1","  2.048e-01"
"1","  -1.383"
"1","
ufES                                                                          "
"1","  2.091e-01"
"1","   3.909"
"1","
ufGO                                                                          "
"1","  2.019e-01"
"1","   2.557"
"1","
ufMA                                                                          "
"1","  2.098e-01"
"1","   5.413"
"1","
ufMG                                                                          "
"1","  1.778e-01"
"1","   3.630"
"1","
ufMS                                                                          "
"1","  2.150e-01"
"1","   0.744"
"1","
ufMT                                                                          "
"1","  2.275e-01"
"1","   0.733"
"1","
ufPA                                                                          "
"1","  1.975e-01"
"1","   4.854"
"1","
ufPB                                                                          "
"1","  2.138e-01"
"1","   4.113"
"1","
ufPE                                                                          "
"1","  1.968e-01"
"1","   4.380"
"1","
ufPI                                                                          "
"1","  2.181e-01"
"1","   2.855"
"1","
ufPR                                                                          "
"1","  1.851e-01"
"1","   3.032"
"1","
ufRJ                                                                          "
"1","  1.767e-01"
"1","   3.947"
"1","
ufRN                                                                          "
"1","  2.466e-01"
"1","   4.103"
"1","
ufRO                                                                          "
"1","  2.138e-01"
"1","   2.146"
"1","
ufRR                                                                          "
"1","  2.164e-01"
"1","  -1.825"
"1","
ufRS                                                                          "
"1","  1.816e-01"
"1","   2.524"
"1","
ufSC                                                                          "
"1","  1.952e-01"
"1","   2.944"
"1","
ufSE                                                                          "
"1","  2.455e-01"
"1","   4.529"
"1","
ufSP                                                                          "
"1","  1.743e-01"
"1","   1.823"
"1","
ufTO                                                                          "
"1","  2.138e-01"
"1","  -0.412"
"1","
partidoPC do B                                                                "
"1","  1.926e-01"
"1","   0.249"
"1","
partidoPCB                                                                    "
"1","  5.870e-01"
"1","  -0.154"
"1","
partidoPCO                                                                    "
"1","  4.317e-01"
"1","  -1.756"
"1","
partidoPDT                                                                    "
"1","  1.496e-01"
"1","   1.983"
"1","
partidoPFL                                                                    "
"1","  1.578e-01"
"1","   3.193"
"1","
partidoPHS                                                                    "
"1","  1.730e-01"
"1","  -1.698"
"1","
partidoPL                                                                     "
"1","  1.596e-01"
"1","  -0.076"
"1","
partidoPMDB                                                                   "
"1","  1.525e-01"
"1","   2.788"
"1","
partidoPMN                                                                    "
"1","  1.695e-01"
"1","   0.095"
"1","
partidoPP                                                                     "
"1","  1.610e-01"
"1","   2.266"
"1","
partidoPPS                                                                    "
"1","  1.546e-01"
"1","   0.180"
"1","
partidoPRB                                                                    "
"1","  3.050e-01"
"1","   0.280"
"1","
partidoPRONA                                                                  "
"1","  1.785e-01"
"1","   0.823"
"1","
partidoPRP                                                                    "
"1","  2.082e-01"
"1","  -0.873"
"1","
partidoPRTB                                                                   "
"1","  2.093e-01"
"1","  -1.366"
"1","
partidoPSB                                                                    "
"1","  1.517e-01"
"1","  -0.134"
"1","
partidoPSC                                                                    "
"1","  1.661e-01"
"1","   2.266"
"1","
partidoPSDB                                                                   "
"1","  1.531e-01"
"1","   2.327"
"1","
partidoPSDC                                                                   "
"1","  1.867e-01"
"1","  -1.398"
"1","
partidoPSL                                                                    "
"1","  2.071e-01"
"1","  -0.478"
"1","
partidoPSOL                                                                   "
"1","  1.656e-01"
"1","  -0.538"
"1","
partidoPSTU                                                                   "
"1","  2.810e-01"
"1","   0.793"
"1","
partidoPT                                                                     "
"1","  1.526e-01"
"1","   2.575"
"1","
partidoPT do B                                                                "
"1","  2.109e-01"
"1","   0.038"
"1","
partidoPTB                                                                    "
"1","  1.584e-01"
"1","   1.994"
"1","
partidoPTC                                                                    "
"1","  1.912e-01"
"1","   0.345"
"1","
partidoPTN                                                                    "
"1","  2.356e-01"
"1","  -1.015"
"1","
partidoPV                                                                     "
"1","  1.534e-01"
"1","  -0.051"
"1","
quantidade_doadores                                                           "
"1","  3.015e-02"
"1","  14.575"
"1","
media_receita                                                                 "
"1","  3.276e-06"
"1","   6.483"
"1","
recursos_de_pessoas_fisicas                                                   "
"1","  4.261e-07"
"1","   4.507"
"1","
quantidade_fornecedores                                                       "
"1","  2.435e-02"
"1","  15.505"
"1","
total_despesa                                                                 "
"1","  1.217e-07"
"1","  -0.183"
"1","
media_despesa                                                                 "
"1","  1.313e-05"
"1","  10.769"
"1","
sexoMASCULINO                                                                 "
"1","  5.626e-02"
"1","   3.875"
"1","
estado_civilDIVORCIADO(A)                                                     "
"1","  5.924e-02"
"1","  -1.829"
"1","
estado_civilSEPARADO(A) JUDICIALMENTE                                         "
"1","  8.053e-02"
"1","  -1.983"
"1","
estado_civilSOLTEIRO(A)                                                       "
"1","  4.785e-02"
"1","  -3.280"
"1","
estado_civilVIÚVO(A)                                                          "
"1","  1.424e-01"
"1","   0.991"
"1","
ocupacaoADVOGADO                                                              "
"1","  1.361e-01"
"1","  -2.133"
"1","
ocupacaoAGENCIADOR DE PROPAGANDA                                              "
"1","  9.919e-01"
"1","  -0.602"
"1","
ocupacaoAGENTE ADMINISTRATIVO                                                 "
"1","  4.584e-01"
"1","  -1.290"
"1","
ocupacaoAGENTE DE SAÚDE E SANITARISTA                                         "
"1","  1.002e+00"
"1","  -0.359"
"1","
ocupacaoAGENTE DE VIAGEM                                                      "
"1","  5.832e-01"
"1","  -0.486"
"1","
ocupacaoAGENTE POSTAL                                                         "
"1","  9.892e-01"
"1","   0.566"
"1","
ocupacaoAGRICULTOR                                                            "
"1","  2.463e-01"
"1","  -0.071"
"1","
ocupacaoAGRÔNOMO                                                              "
"1","  3.725e-01"
"1","   1.087"
"1","
ocupacaoALFAIATE E COSTUREIRO                                                 "
"1","  9.974e-01"
"1","  -0.476"
"1","
ocupacaoALMOXARIFE                                                            "
"1","  9.891e-01"
"1","  -1.767"
"1","
ocupacaoANALISTA DE SISTEMAS                                                  "
"1","  3.970e-01"
"1","  -2.010"
"1","
ocupacaoAPOSENTADO (EXCETO SERVIDOR PÚBLICO)                                  "
"1","  1.770e-01"
"1","  -3.123"
"1","
ocupacaoARQUITETO                                                             "
"1","  3.113e-01"
"1","  -0.065"
"1","
ocupacaoARTESÃO                                                               "
"1","  4.601e-01"
"1","  -1.786"
"1","
ocupacaoARTISTA DE CIRCO                                                      "
"1","  7.117e-01"
"1","   1.097"
"1","
ocupacaoARTISTA PLÁSTICO E ASSEMELHADOS                                       "
"1","  7.080e-01"
"1","   0.784"
"1","
ocupacaoASSISTENTE SOCIAL                                                     "
"1","  3.735e-01"
"1","  -1.003"
"1","
ocupacaoATLETA PROFISSIONAL E TÉCNICO EM DESPORTOS                            "
"1","  5.105e-01"
"1","  -0.015"
"1","
ocupacaoATOR E DIRETOR DE ESPETÁCULOS PÚBLICOS                                "
"1","  4.219e-01"
"1","  -0.459"
"1","
ocupacaoAUXILIAR DE ESCRITÓRIO E ASSEMELHADOS                                 "
"1","  4.655e-01"
"1","  -0.596"
"1","
ocupacaoAUXILIAR DE LABORATÓRIO                                               "
"1","  7.130e-01"
"1","   0.691"
"1","
ocupacaoBANCÁRIO E ECONOMIÁRIO                                                "
"1","  2.156e-01"
"1","  -2.633"
"1","
ocupacaoBIBLIOTECÁRIO                                                         "
"1","  9.982e-01"
"1","   0.398"
"1","
ocupacaoBIÓLOGO                                                               "
"1","  5.098e-01"
"1","  -1.829"
"1","
ocupacaoBIOMÉDICO                                                             "
"1","  7.094e-01"
"1","  -0.710"
"1","
ocupacaoBOMBEIRO MILITAR                                                      "
"1","  3.549e-01"
"1","  -0.612"
"1","
ocupacaoCABELEIREIRO E BARBEIRO                                               "
"1","  4.595e-01"
"1","   0.209"
"1","
ocupacaoCANTOR E COMPOSITOR                                                   "
"1","  3.705e-01"
"1","   1.998"
"1","
ocupacaoCAPITALISTA DE ATIVOS FINANCEIROS                                     "
"1","  9.974e-01"
"1","  -2.361"
"1","
ocupacaoCARPINTEIRO, MARCENEIRO E ASSEMELHADOS                                "
"1","  7.076e-01"
"1","  -0.482"
"1","
ocupacaoCIENTISTA POLÍTICO                                                    "
"1","  9.971e-01"
"1","  -0.420"
"1","
ocupacaoCOMERCIANTE                                                           "
"1","  1.490e-01"
"1","  -0.843"
"1","
ocupacaoCOMERCIÁRIO                                                           "
"1","  3.132e-01"
"1","  -1.946"
"1","
ocupacaoCONTADOR                                                              "
"1","  2.283e-01"
"1","  -1.327"
"1","
ocupacaoCORRETOR DE IMÓVEIS, SEGUROS, TÍTULOS E VALORES                       "
"1","  2.419e-01"
"1","  -2.956"
"1","
ocupacaoCOZINHEIRO                                                            "
"1","  1.001e+00"
"1","  -0.714"
"1","
ocupacaoDEPUTADO                                                              "
"1","  1.407e-01"
"1","   3.585"
"1","
ocupacaoDESENHISTA                                                            "
"1","  5.905e-01"
"1","  -0.853"
"1","
ocupacaoDESPACHANTE                                                           "
"1","  4.626e-01"
"1","  -0.338"
"1","
ocupacaoDETETIVE PARTICULAR                                                   "
"1","  7.056e-01"
"1","  -0.864"
"1","
ocupacaoDIGITADOR                                                             "
"1","  1.005e+00"
"1","  -1.226"
"1","
ocupacaoDIPLOMATA                                                             "
"1","  7.083e-01"
"1","  -1.450"
"1","
ocupacaoDIRETOR DE EMPRESAS                                                   "
"1","  4.002e-01"
"1","  -0.695"
"1","
ocupacaoDIRETOR DE ESTABELECIMENTO DE ENSINO                                  "
"1","  5.829e-01"
"1","   0.267"
"1","
ocupacaoDONA DE CASA                                                          "
"1","  3.571e-01"
"1","  -1.571"
"1","
ocupacaoECONOMISTA                                                            "
"1","  1.939e-01"
"1","  -1.815"
"1","
ocupacaoELETRICISTA E ASSEMELHADOS                                            "
"1","  9.899e-01"
"1","  -0.912"
"1","
ocupacaoEMPRESÁRIO                                                            "
"1","  1.403e-01"
"1","  -1.286"
"1","
ocupacaoENCANADOR, SOLDADOR, CHAPEADOR E CALDEIREIRO                          "
"1","  9.925e-01"
"1","  -1.115"
"1","
ocupacaoENFERMEIRO                                                            "
"1","  5.859e-01"
"1","   0.679"
"1","
ocupacaoENGENHEIRO                                                            "
"1","  1.665e-01"
"1","  -0.153"
"1","
ocupacaoESCRITOR E CRÍTICO                                                    "
"1","  4.580e-01"
"1","  -2.534"
"1","
ocupacaoESTUDANTE, BOLSISTA, ESTAGIÁRIO E ASSEMELHADOS                        "
"1","  2.134e-01"
"1","  -0.342"
"1","
ocupacaoFARMACÊUTICO                                                          "
"1","  4.589e-01"
"1","  -0.205"
"1","
ocupacaoFEIRANTE, AMBULANTE E MASCATE                                         "
"1","  5.097e-01"
"1","   0.570"
"1","
ocupacaoFERROVIÁRIO                                                           "
"1","  7.098e-01"
"1","   0.680"
"1","
ocupacaoFIANDEIRO, TECELÃO, TINGIDOR E ASSEMELHADOS                           "
"1","  9.913e-01"
"1","  -0.013"
"1","
ocupacaoFISCAL                                                                "
"1","  3.376e-01"
"1","  -3.320"
"1","
ocupacaoFÍSICO                                                                "
"1","  9.906e-01"
"1","  -0.919"
"1","
ocupacaoFISIOTERAPEUTA E TERAPEUTA OCUPACIONAL                                "
"1","  3.944e-01"
"1","   0.664"
"1","
ocupacaoFOTÓGRAFO E ASSEMELHADOS                                              "
"1","  1.015e+00"
"1","  -2.311"
"1","
ocupacaoGARÇOM                                                                "
"1","  9.927e-01"
"1","  -0.031"
"1","
ocupacaoGEÓGRAFO                                                              "
"1","  9.955e-01"
"1","  -0.332"
"1","
ocupacaoGEÓLOGO                                                               "
"1","  5.852e-01"
"1","  -0.754"
"1","
ocupacaoGERENTE                                                               "
"1","  2.600e-01"
"1","  -2.033"
"1","
ocupacaoHISTORIADOR                                                           "
"1","  9.957e-01"
"1","  -0.131"
"1","
ocupacaoINDUSTRIAL                                                            "
"1","  4.226e-01"
"1","  -0.831"
"1","
ocupacaoJORNALISTA E REDATOR                                                  "
"1","  2.251e-01"
"1","  -1.371"
"1","
ocupacaoLEILOEIRO, AVALIADOR E ASSEMELHADOS                                   "
"1","  9.898e-01"
"1","  -1.985"
"1","
ocupacaoLOCUTOR E COMENTARISTA DE RÁDIO E TELEVISÃO E RADIALISTA              "
"1","  2.254e-01"
"1","   0.488"
"1","
ocupacaoMANICURE E MAQUILADOR                                                 "
"1","  9.936e-01"
"1","  -1.640"
"1","
ocupacaoMECÂNICO DE MANUTENÇÃO                                                "
"1","  7.130e-01"
"1","  -0.001"
"1","
ocupacaoMÉDICO                                                                "
"1","  1.469e-01"
"1","   2.253"
"1","
ocupacaoMEMBRO DAS FORÇAS ARMADAS                                             "
"1","  3.238e-01"
"1","  -0.512"
"1","
ocupacaoMESTRE E CONTRAMESTRE DE EMBARCAÇÃO                                   "
"1","  9.919e-01"
"1","  -0.142"
"1","
ocupacaoMILITAR REFORMADO                                                     "
"1","  2.228e-01"
"1","  -1.676"
"1","
ocupacaoMOTORISTA DE VEÍCULOS DE TRANSPORTE COLETIVO DE PASSAGEIROS           "
"1","  3.713e-01"
"1","  -0.842"
"1","
ocupacaoMOTORISTA DE VEÍCULOS DE TRANSPORTE DE CARGA                          "
"1","  4.228e-01"
"1","  -0.755"
"1","
ocupacaoMOTORISTA PARTICULAR                                                  "
"1","  3.939e-01"
"1","  -1.515"
"1","
ocupacaoMÚSICO                                                                "
"1","  4.605e-01"
"1","   1.807"
"1","
ocupacaoOCUPANTE DE CARGO EM COMISSÃO                                         "
"1","  3.556e-01"
"1","  -0.912"
"1","
ocupacaoODONTÓLOGO                                                            "
"1","  2.456e-01"
"1","  -0.631"
"1","
ocupacaoOPERADOR DE APARELHOS DE PRODUÇÃO INDUSTRIAL                          "
"1","  9.964e-01"
"1","  -0.392"
"1","
ocupacaoOPERADOR DE COMPUTADOR                                                "
"1","  9.907e-01"
"1","  -2.331"
"1","
ocupacaoOPERADOR DE EQUIPAMENTO DE RÁDIO, TELEVISÃO, SOM E CINEMA             "
"1","  9.958e-01"
"1","   0.033"
"1","
ocupacaoOPERADOR DE INSTALAÇÃO DE PRODUÇÃO DE ENERGIA ELÉTRICA E NUCLEAR      "
"1","  9.900e-01"
"1","  -1.198"
"1","
ocupacaoOUTROS                                                                "
"1","  1.375e-01"
"1","  -2.150"
"1","
ocupacaoPADEIRO, CONFEITEIRO E ASSEMELHADOS                                   "
"1","  7.123e-01"
"1","  -1.390"
"1","
ocupacaoPECUARISTA                                                            "
"1","  2.686e-01"
"1","  -1.958"
"1","
ocupacaoPEDAGOGO                                                              "
"1","  3.742e-01"
"1","  -1.300"
"1","
ocupacaoPESCADOR                                                              "
"1","  7.065e-01"
"1","   0.629"
"1","
ocupacaoPETROLEIRO                                                            "
"1","  7.113e-01"
"1","   0.219"
"1","
ocupacaoPILOTO DE AVIAÇÃO COMERCIAL, NAVEGADOR, MECÂNICO DE VÔO E ASSEMELHADOS"
"1","  7.090e-01"
"1","  -2.072"
"1","
ocupacaoPOLICIAL CIVIL                                                        "
"1","  2.595e-01"
"1","  -0.291"
"1","
ocupacaoPOLICIAL MILITAR                                                      "
"1","  1.700e-01"
"1","  -0.882"
"1","
ocupacaoPORTEIRO DE EDIFÍCIO, ASCENSORISTA, GARAGISTA E ZELADOR               "
"1","  9.958e-01"
"1","  -1.262"
"1","
ocupacaoPRODUTOR AGROPECUÁRIO                                                 "
"1","  2.564e-01"
"1","  -1.591"
"1","
ocupacaoPRODUTOR DE ESPETÁCULOS PÚBLICOS                                      "
"1","  1.006e+00"
"1","   0.246"
"1","
ocupacaoPROFESSOR DE ENSINO FUNDAMENTAL                                       "
"1","  2.268e-01"
"1","  -2.129"
"1","
ocupacaoPROFESSOR DE ENSINO MÉDIO                                             "
"1","  1.657e-01"
"1","  -1.620"
"1","
ocupacaoPROFESSOR DE ENSINO SUPERIOR                                          "
"1","  1.713e-01"
"1","  -2.226"
"1","
ocupacaoPROFESSOR E INSTRUTOR DE FORMAÇÃO PROFISSIONAL                        "
"1","  3.367e-01"
"1","  -0.892"
"1","
ocupacaoPROGRAMADOR DE COMPUTADOR                                             "
"1","  5.864e-01"
"1","  -0.632"
"1","
ocupacaoPROTÉTICO                                                             "
"1","  9.922e-01"
"1","  -0.439"
"1","
ocupacaoPSICÓLOGO                                                             "
"1","  4.206e-01"
"1","  -1.122"
"1","
ocupacaoPUBLICITÁRIO                                                          "
"1","  3.231e-01"
"1","  -2.053"
"1","
ocupacaoQUÍMICO                                                               "
"1","  7.090e-01"
"1","  -0.072"
"1","
ocupacaoREPRESENTANTE COMERCIAL                                               "
"1","  2.465e-01"
"1","  -2.003"
"1","
ocupacaoSACERDOTE OU MEMBRO DE ORDEM OU SEITA RELIGIOSA                       "
"1","  2.328e-01"
"1","   0.929"
"1","
ocupacaoSECRETÁRIO E DATILÓGRAFO                                              "
"1","  5.122e-01"
"1","  -0.666"
"1","
ocupacaoSENADOR                                                               "
"1","  9.916e-01"
"1","   0.959"
"1","
ocupacaoSERVENTUÁRIO DE JUSTIÇA                                               "
"1","  9.911e-01"
"1","  -0.805"
"1","
ocupacaoSERVIDOR PÚBLICO CIVIL APOSENTADO                                     "
"1","  2.024e-01"
"1","  -2.480"
"1","
ocupacaoSERVIDOR PÚBLICO ESTADUAL                                             "
"1","  1.587e-01"
"1","  -2.293"
"1","
ocupacaoSERVIDOR PÚBLICO FEDERAL                                              "
"1","  1.604e-01"
"1","  -3.270"
"1","
ocupacaoSERVIDOR PÚBLICO MUNICIPAL                                            "
"1","  1.917e-01"
"1","  -2.174"
"1","
ocupacaoSOCIÓLOGO                                                             "
"1","  3.956e-01"
"1","  -0.673"
"1","
ocupacaoSUPERVISOR, INSPETOR E AGENTE DE COMPRAS E VENDAS                     "
"1","  1.001e+00"
"1","  -1.833"
"1","
ocupacaoTABELIÃO                                                              "
"1","  1.003e+00"
"1","   0.305"
"1","
ocupacaoTAQUÍGRAFO E ESTENÓGRAFO                                              "
"1","  1.001e+00"
"1","   0.601"
"1","
ocupacaoTAXISTA                                                               "
"1","  4.601e-01"
"1","  -0.858"
"1","
ocupacaoTÉCNICO CONTABILIDADE, ESTATÍSTICA, ECONOMIA DOMÉSTICA E ADMINISTRAÇÃO"
"1","  2.699e-01"
"1","  -0.018"
"1","
ocupacaoTÉCNICO DE BIOLOGIA                                                   "
"1","  1.000e+00"
"1","   0.024"
"1","
ocupacaoTÉCNICO DE ELETRICIDADE, ELETRÔNICA E TELECOMUNICAÇÕES                "
"1","  4.603e-01"
"1","  -0.199"
"1","
ocupacaoTÉCNICO DE ENFERMAGEM E ASSEMELHADOS (EXCETO ENFERMEIRO)              "
"1","  4.249e-01"
"1","  -2.076"
"1","
ocupacaoTÉCNICO DE LABORATÓRIO E RAIOS X                                      "
"1","  7.061e-01"
"1","   0.420"
"1","
ocupacaoTÉCNICO DE MINERAÇÃO, METALURGIA E GEOLOGIA                           "
"1","  1.007e+00"
"1","  -1.256"
"1","
ocupacaoTÉCNICO DE OBRAS CIVIS, ESTRADAS, SANEAMENTO E ASSEMELHADOS           "
"1","  7.066e-01"
"1","  -0.503"
"1","
ocupacaoTÉCNICO EM AGRONOMIA E AGRIMENSURA                                    "
"1","  7.104e-01"
"1","  -0.795"
"1","
ocupacaoTÉCNICO EM EDIFICAÇÕES                                                "
"1","  9.925e-01"
"1","   1.052"
"1","
ocupacaoTÉCNICO EM INFORMÁTICA                                                "
"1","  7.105e-01"
"1","  -0.294"
"1","
ocupacaoTELEFONISTA                                                           "
"1","  9.915e-01"
"1","  -1.238"
"1","
ocupacaoTERAPEUTA                                                             "
"1","  1.007e+00"
"1","  -1.140"
"1","
ocupacaoTRABALHADOR DE ARTES GRÁFICAS                                         "
"1","  4.607e-01"
"1","   0.264"
"1","
"
"1","                                                                              "
"1"," Pr(>|t|)"
"1","    "
"1","
(Intercept)                                                                   "
"1","  < 2e-16"
"1"," ***"
"1","
ufAL                                                                          "
"1"," 0.000257"
"1"," ***"
"1","
ufAM                                                                          "
"1"," 0.011741"
"1"," *  "
"1","
ufAP                                                                          "
"1"," 0.471447"
"1","    "
"1","
ufBA                                                                          "
"1"," 7.72e-07"
"1"," ***"
"1","
ufCE                                                                          "
"1"," 5.86e-08"
"1"," ***"
"1","
ufDF                                                                          "
"1"," 0.166813"
"1","    "
"1","
ufES                                                                          "
"1"," 9.47e-05"
"1"," ***"
"1","
ufGO                                                                          "
"1"," 0.010601"
"1"," *  "
"1","
ufMA                                                                          "
"1"," 6.66e-08"
"1"," ***"
"1","
ufMG                                                                          "
"1"," 0.000287"
"1"," ***"
"1","
ufMS                                                                          "
"1"," 0.457156"
"1","    "
"1","
ufMT                                                                          "
"1"," 0.463307"
"1","    "
"1","
ufPA                                                                          "
"1"," 1.27e-06"
"1"," ***"
"1","
ufPB                                                                          "
"1"," 4.00e-05"
"1"," ***"
"1","
ufPE                                                                          "
"1"," 1.22e-05"
"1"," ***"
"1","
ufPI                                                                          "
"1"," 0.004326"
"1"," ** "
"1","
ufPR                                                                          "
"1"," 0.002451"
"1"," ** "
"1","
ufRJ                                                                          "
"1"," 8.09e-05"
"1"," ***"
"1","
ufRN                                                                          "
"1"," 4.18e-05"
"1"," ***"
"1","
ufRO                                                                          "
"1"," 0.031925"
"1"," *  "
"1","
ufRR                                                                          "
"1"," 0.068077"
"1"," .  "
"1","
ufRS                                                                          "
"1"," 0.011637"
"1"," *  "
"1","
ufSC                                                                          "
"1"," 0.003267"
"1"," ** "
"1","
ufSE                                                                          "
"1"," 6.13e-06"
"1"," ***"
"1","
ufSP                                                                          "
"1"," 0.068338"
"1"," .  "
"1","
ufTO                                                                          "
"1"," 0.680059"
"1","    "
"1","
partidoPC do B                                                                "
"1"," 0.803531"
"1","    "
"1","
partidoPCB                                                                    "
"1"," 0.877362"
"1","    "
"1","
partidoPCO                                                                    "
"1"," 0.079179"
"1"," .  "
"1","
partidoPDT                                                                    "
"1"," 0.047465"
"1"," *  "
"1","
partidoPFL                                                                    "
"1"," 0.001421"
"1"," ** "
"1","
partidoPHS                                                                    "
"1"," 0.089574"
"1"," .  "
"1","
partidoPL                                                                     "
"1"," 0.939327"
"1","    "
"1","
partidoPMDB                                                                   "
"1"," 0.005331"
"1"," ** "
"1","
partidoPMN                                                                    "
"1"," 0.924326"
"1","    "
"1","
partidoPP                                                                     "
"1"," 0.023503"
"1"," *  "
"1","
partidoPPS                                                                    "
"1"," 0.856897"
"1","    "
"1","
partidoPRB                                                                    "
"1"," 0.779688"
"1","    "
"1","
partidoPRONA                                                                  "
"1"," 0.410846"
"1","    "
"1","
partidoPRP                                                                    "
"1"," 0.382506"
"1","    "
"1","
partidoPRTB                                                                   "
"1"," 0.172131"
"1","    "
"1","
partidoPSB                                                                    "
"1"," 0.893319"
"1","    "
"1","
partidoPSC                                                                    "
"1"," 0.023532"
"1"," *  "
"1","
partidoPSDB                                                                   "
"1"," 0.020001"
"1"," *  "
"1","
partidoPSDC                                                                   "
"1"," 0.162152"
"1","    "
"1","
partidoPSL                                                                    "
"1"," 0.632746"
"1","    "
"1","
partidoPSOL                                                                   "
"1"," 0.590687"
"1","    "
"1","
partidoPSTU                                                                   "
"1"," 0.427752"
"1","    "
"1","
partidoPT                                                                     "
"1"," 0.010071"
"1"," *  "
"1","
partidoPT do B                                                                "
"1"," 0.969323"
"1","    "
"1","
partidoPTB                                                                    "
"1"," 0.046275"
"1"," *  "
"1","
partidoPTC                                                                    "
"1"," 0.729752"
"1","    "
"1","
partidoPTN                                                                    "
"1"," 0.310221"
"1","    "
"1","
partidoPV                                                                     "
"1"," 0.959053"
"1","    "
"1","
quantidade_doadores                                                           "
"1","  < 2e-16"
"1"," ***"
"1","
media_receita                                                                 "
"1"," 1.04e-10"
"1"," ***"
"1","
recursos_de_pessoas_fisicas                                                   "
"1"," 6.82e-06"
"1"," ***"
"1","
quantidade_fornecedores                                                       "
"1","  < 2e-16"
"1"," ***"
"1","
total_despesa                                                                 "
"1"," 0.855106"
"1","    "
"1","
media_despesa                                                                 "
"1","  < 2e-16"
"1"," ***"
"1","
sexoMASCULINO                                                                 "
"1"," 0.000109"
"1"," ***"
"1","
estado_civilDIVORCIADO(A)                                                     "
"1"," 0.067445"
"1"," .  "
"1","
estado_civilSEPARADO(A) JUDICIALMENTE                                         "
"1"," 0.047405"
"1"," *  "
"1","
estado_civilSOLTEIRO(A)                                                       "
"1"," 0.001048"
"1"," ** "
"1","
estado_civilVIÚVO(A)                                                          "
"1"," 0.321898"
"1","    "
"1","
ocupacaoADVOGADO                                                              "
"1"," 0.033008"
"1"," *  "
"1","
ocupacaoAGENCIADOR DE PROPAGANDA                                              "
"1"," 0.547345"
"1","    "
"1","
ocupacaoAGENTE ADMINISTRATIVO                                                 "
"1"," 0.196992"
"1","    "
"1","
ocupacaoAGENTE DE SAÚDE E SANITARISTA                                         "
"1"," 0.719396"
"1","    "
"1","
ocupacaoAGENTE DE VIAGEM                                                      "
"1"," 0.626825"
"1","    "
"1","
ocupacaoAGENTE POSTAL                                                         "
"1"," 0.571237"
"1","    "
"1","
ocupacaoAGRICULTOR                                                            "
"1"," 0.943133"
"1","    "
"1","
ocupacaoAGRÔNOMO                                                              "
"1"," 0.277007"
"1","    "
"1","
ocupacaoALFAIATE E COSTUREIRO                                                 "
"1"," 0.634038"
"1","    "
"1","
ocupacaoALMOXARIFE                                                            "
"1"," 0.077370"
"1"," .  "
"1","
ocupacaoANALISTA DE SISTEMAS                                                  "
"1"," 0.044463"
"1"," *  "
"1","
ocupacaoAPOSENTADO (EXCETO SERVIDOR PÚBLICO)                                  "
"1"," 0.001804"
"1"," ** "
"1","
ocupacaoARQUITETO                                                             "
"1"," 0.948107"
"1","    "
"1","
ocupacaoARTESÃO                                                               "
"1"," 0.074117"
"1"," .  "
"1","
ocupacaoARTISTA DE CIRCO                                                      "
"1"," 0.272792"
"1","    "
"1","
ocupacaoARTISTA PLÁSTICO E ASSEMELHADOS                                       "
"1"," 0.433084"
"1","    "
"1","
ocupacaoASSISTENTE SOCIAL                                                     "
"1"," 0.316010"
"1","    "
"1","
ocupacaoATLETA PROFISSIONAL E TÉCNICO EM DESPORTOS                            "
"1"," 0.988108"
"1","    "
"1","
ocupacaoATOR E DIRETOR DE ESPETÁCULOS PÚBLICOS                                "
"1"," 0.646232"
"1","    "
"1","
ocupacaoAUXILIAR DE ESCRITÓRIO E ASSEMELHADOS                                 "
"1"," 0.551473"
"1","    "
"1","
ocupacaoAUXILIAR DE LABORATÓRIO                                               "
"1"," 0.489694"
"1","    "
"1","
ocupacaoBANCÁRIO E ECONOMIÁRIO                                                "
"1"," 0.008504"
"1"," ** "
"1","
ocupacaoBIBLIOTECÁRIO                                                         "
"1"," 0.690892"
"1","    "
"1","
ocupacaoBIÓLOGO                                                               "
"1"," 0.067422"
"1"," .  "
"1","
ocupacaoBIOMÉDICO                                                             "
"1"," 0.477459"
"1","    "
"1","
ocupacaoBOMBEIRO MILITAR                                                      "
"1"," 0.540645"
"1","    "
"1","
ocupacaoCABELEIREIRO E BARBEIRO                                               "
"1"," 0.834500"
"1","    "
"1","
ocupacaoCANTOR E COMPOSITOR                                                   "
"1"," 0.045837"
"1"," *  "
"1","
ocupacaoCAPITALISTA DE ATIVOS FINANCEIROS                                     "
"1"," 0.018262"
"1"," *  "
"1","
ocupacaoCARPINTEIRO, MARCENEIRO E ASSEMELHADOS                                "
"1"," 0.630140"
"1","    "
"1","
ocupacaoCIENTISTA POLÍTICO                                                    "
"1"," 0.674619"
"1","    "
"1","
ocupacaoCOMERCIANTE                                                           "
"1"," 0.399398"
"1","    "
"1","
ocupacaoCOMERCIÁRIO                                                           "
"1"," 0.051722"
"1"," .  "
"1","
ocupacaoCONTADOR                                                              "
"1"," 0.184731"
"1","    "
"1","
ocupacaoCORRETOR DE IMÓVEIS, SEGUROS, TÍTULOS E VALORES                       "
"1"," 0.003141"
"1"," ** "
"1","
ocupacaoCOZINHEIRO                                                            "
"1"," 0.475556"
"1","    "
"1","
ocupacaoDEPUTADO                                                              "
"1"," 0.000342"
"1"," ***"
"1","
ocupacaoDESENHISTA                                                            "
"1"," 0.393522"
"1","    "
"1","
ocupacaoDESPACHANTE                                                           "
"1"," 0.735129"
"1","    "
"1","
ocupacaoDETETIVE PARTICULAR                                                   "
"1"," 0.387561"
"1","    "
"1","
ocupacaoDIGITADOR                                                             "
"1"," 0.220137"
"1","    "
"1","
ocupacaoDIPLOMATA                                                             "
"1"," 0.147138"
"1","    "
"1","
ocupacaoDIRETOR DE EMPRESAS                                                   "
"1"," 0.487042"
"1","    "
"1","
ocupacaoDIRETOR DE ESTABELECIMENTO DE ENSINO                                  "
"1"," 0.789572"
"1","    "
"1","
ocupacaoDONA DE CASA                                                          "
"1"," 0.116341"
"1","    "
"1","
ocupacaoECONOMISTA                                                            "
"1"," 0.069609"
"1"," .  "
"1","
ocupacaoELETRICISTA E ASSEMELHADOS                                            "
"1"," 0.361647"
"1","    "
"1","
ocupacaoEMPRESÁRIO                                                            "
"1"," 0.198454"
"1","    "
"1","
ocupacaoENCANADOR, SOLDADOR, CHAPEADOR E CALDEIREIRO                          "
"1"," 0.264902"
"1","    "
"1","
ocupacaoENFERMEIRO                                                            "
"1"," 0.497120"
"1","    "
"1","
ocupacaoENGENHEIRO                                                            "
"1"," 0.878224"
"1","    "
"1","
ocupacaoESCRITOR E CRÍTICO                                                    "
"1"," 0.011334"
"1"," *  "
"1","
ocupacaoESTUDANTE, BOLSISTA, ESTAGIÁRIO E ASSEMELHADOS                        "
"1"," 0.732612"
"1","    "
"1","
ocupacaoFARMACÊUTICO                                                          "
"1"," 0.837208"
"1","    "
"1","
ocupacaoFEIRANTE, AMBULANTE E MASCATE                                         "
"1"," 0.568580"
"1","    "
"1","
ocupacaoFERROVIÁRIO                                                           "
"1"," 0.496838"
"1","    "
"1","
ocupacaoFIANDEIRO, TECELÃO, TINGIDOR E ASSEMELHADOS                           "
"1"," 0.989723"
"1","    "
"1","
ocupacaoFISCAL                                                                "
"1"," 0.000911"
"1"," ***"
"1","
ocupacaoFÍSICO                                                                "
"1"," 0.358276"
"1","    "
"1","
ocupacaoFISIOTERAPEUTA E TERAPEUTA OCUPACIONAL                                "
"1"," 0.506972"
"1","    "
"1","
ocupacaoFOTÓGRAFO E ASSEMELHADOS                                              "
"1"," 0.020880"
"1"," *  "
"1","
ocupacaoGARÇOM                                                                "
"1"," 0.975323"
"1","    "
"1","
ocupacaoGEÓGRAFO                                                              "
"1"," 0.740051"
"1","    "
"1","
ocupacaoGEÓLOGO                                                               "
"1"," 0.451183"
"1","    "
"1","
ocupacaoGERENTE                                                               "
"1"," 0.042159"
"1"," *  "
"1","
ocupacaoHISTORIADOR                                                           "
"1"," 0.895444"
"1","    "
"1","
ocupacaoINDUSTRIAL                                                            "
"1"," 0.406116"
"1","    "
"1","
ocupacaoJORNALISTA E REDATOR                                                  "
"1"," 0.170426"
"1","    "
"1","
ocupacaoLEILOEIRO, AVALIADOR E ASSEMELHADOS                                   "
"1"," 0.047247"
"1"," *  "
"1","
ocupacaoLOCUTOR E COMENTARISTA DE RÁDIO E TELEVISÃO E RADIALISTA              "
"1"," 0.625619"
"1","    "
"1","
ocupacaoMANICURE E MAQUILADOR                                                 "
"1"," 0.101024"
"1","    "
"1","
ocupacaoMECÂNICO DE MANUTENÇÃO                                                "
"1"," 0.999568"
"1","    "
"1","
ocupacaoMÉDICO                                                                "
"1"," 0.024342"
"1"," *  "
"1","
ocupacaoMEMBRO DAS FORÇAS ARMADAS                                             "
"1"," 0.608950"
"1","    "
"1","
ocupacaoMESTRE E CONTRAMESTRE DE EMBARCAÇÃO                                   "
"1"," 0.886714"
"1","    "
"1","
ocupacaoMILITAR REFORMADO                                                     "
"1"," 0.093745"
"1"," .  "
"1","
ocupacaoMOTORISTA DE VEÍCULOS DE TRANSPORTE COLETIVO DE PASSAGEIROS           "
"1"," 0.399762"
"1","    "
"1","
ocupacaoMOTORISTA DE VEÍCULOS DE TRANSPORTE DE CARGA                          "
"1"," 0.450490"
"1","    "
"1","
ocupacaoMOTORISTA PARTICULAR                                                  "
"1"," 0.129956"
"1","    "
"1","
ocupacaoMÚSICO                                                                "
"1"," 0.070824"
"1"," .  "
"1","
ocupacaoOCUPANTE DE CARGO EM COMISSÃO                                         "
"1"," 0.361650"
"1","    "
"1","
ocupacaoODONTÓLOGO                                                            "
"1"," 0.527832"
"1","    "
"1","
ocupacaoOPERADOR DE APARELHOS DE PRODUÇÃO INDUSTRIAL                          "
"1"," 0.695236"
"1","    "
"1","
ocupacaoOPERADOR DE COMPUTADOR                                                "
"1"," 0.019817"
"1"," *  "
"1","
ocupacaoOPERADOR DE EQUIPAMENTO DE RÁDIO, TELEVISÃO, SOM E CINEMA             "
"1"," 0.973590"
"1","    "
"1","
ocupacaoOPERADOR DE INSTALAÇÃO DE PRODUÇÃO DE ENERGIA ELÉTRICA E NUCLEAR      "
"1"," 0.231058"
"1","    "
"1","
ocupacaoOUTROS                                                                "
"1"," 0.031637"
"1"," *  "
"1","
ocupacaoPADEIRO, CONFEITEIRO E ASSEMELHADOS                                   "
"1"," 0.164582"
"1","    "
"1","
ocupacaoPECUARISTA                                                            "
"1"," 0.050284"
"1"," .  "
"1","
ocupacaoPEDAGOGO                                                              "
"1"," 0.193746"
"1","    "
"1","
ocupacaoPESCADOR                                                              "
"1"," 0.529150"
"1","    "
"1","
ocupacaoPETROLEIRO                                                            "
"1"," 0.826754"
"1","    "
"1","
ocupacaoPILOTO DE AVIAÇÃO COMERCIAL, NAVEGADOR, MECÂNICO DE VÔO E ASSEMELHADOS"
"1"," 0.038370"
"1"," *  "
"1","
ocupacaoPOLICIAL CIVIL                                                        "
"1"," 0.771093"
"1","    "
"1","
ocupacaoPOLICIAL MILITAR                                                      "
"1"," 0.377658"
"1","    "
"1","
ocupacaoPORTEIRO DE EDIFÍCIO, ASCENSORISTA, GARAGISTA E ZELADOR               "
"1"," 0.206971"
"1","    "
"1","
ocupacaoPRODUTOR AGROPECUÁRIO                                                 "
"1"," 0.111612"
"1","    "
"1","
ocupacaoPRODUTOR DE ESPETÁCULOS PÚBLICOS                                      "
"1"," 0.805941"
"1","    "
"1","
ocupacaoPROFESSOR DE ENSINO FUNDAMENTAL                                       "
"1"," 0.033362"
"1"," *  "
"1","
ocupacaoPROFESSOR DE ENSINO MÉDIO                                             "
"1"," 0.105348"
"1","    "
"1","
ocupacaoPROFESSOR DE ENSINO SUPERIOR                                          "
"1"," 0.026086"
"1"," *  "
"1","
ocupacaoPROFESSOR E INSTRUTOR DE FORMAÇÃO PROFISSIONAL                        "
"1"," 0.372540"
"1","    "
"1","
ocupacaoPROGRAMADOR DE COMPUTADOR                                             "
"1"," 0.527528"
"1","    "
"1","
ocupacaoPROTÉTICO                                                             "
"1"," 0.660698"
"1","    "
"1","
ocupacaoPSICÓLOGO                                                             "
"1"," 0.262030"
"1","    "
"1","
ocupacaoPUBLICITÁRIO                                                          "
"1"," 0.040114"
"1"," *  "
"1","
ocupacaoQUÍMICO                                                               "
"1"," 0.942839"
"1","    "
"1","
ocupacaoREPRESENTANTE COMERCIAL                                               "
"1"," 0.045261"
"1"," *  "
"1","
ocupacaoSACERDOTE OU MEMBRO DE ORDEM OU SEITA RELIGIOSA                       "
"1"," 0.352917"
"1","    "
"1","
ocupacaoSECRETÁRIO E DATILÓGRAFO                                              "
"1"," 0.505474"
"1","    "
"1","
ocupacaoSENADOR                                                               "
"1"," 0.337594"
"1","    "
"1","
ocupacaoSERVENTUÁRIO DE JUSTIÇA                                               "
"1"," 0.420649"
"1","    "
"1","
ocupacaoSERVIDOR PÚBLICO CIVIL APOSENTADO                                     "
"1"," 0.013200"
"1"," *  "
"1","
ocupacaoSERVIDOR PÚBLICO ESTADUAL                                             "
"1"," 0.021902"
"1"," *  "
"1","
ocupacaoSERVIDOR PÚBLICO FEDERAL                                              "
"1"," 0.001085"
"1"," ** "
"1","
ocupacaoSERVIDOR PÚBLICO MUNICIPAL                                            "
"1"," 0.029810"
"1"," *  "
"1","
ocupacaoSOCIÓLOGO                                                             "
"1"," 0.500709"
"1","    "
"1","
ocupacaoSUPERVISOR, INSPETOR E AGENTE DE COMPRAS E VENDAS                     "
"1"," 0.066865"
"1"," .  "
"1","
ocupacaoTABELIÃO                                                              "
"1"," 0.760335"
"1","    "
"1","
ocupacaoTAQUÍGRAFO E ESTENÓGRAFO                                              "
"1"," 0.547801"
"1","    "
"1","
ocupacaoTAXISTA                                                               "
"1"," 0.391231"
"1","    "
"1","
ocupacaoTÉCNICO CONTABILIDADE, ESTATÍSTICA, ECONOMIA DOMÉSTICA E ADMINISTRAÇÃO"
"1"," 0.985837"
"1","    "
"1","
ocupacaoTÉCNICO DE BIOLOGIA                                                   "
"1"," 0.981205"
"1","    "
"1","
ocupacaoTÉCNICO DE ELETRICIDADE, ELETRÔNICA E TELECOMUNICAÇÕES                "
"1"," 0.841889"
"1","    "
"1","
ocupacaoTÉCNICO DE ENFERMAGEM E ASSEMELHADOS (EXCETO ENFERMEIRO)              "
"1"," 0.037959"
"1"," *  "
"1","
ocupacaoTÉCNICO DE LABORATÓRIO E RAIOS X                                      "
"1"," 0.674349"
"1","    "
"1","
ocupacaoTÉCNICO DE MINERAÇÃO, METALURGIA E GEOLOGIA                           "
"1"," 0.209146"
"1","    "
"1","
ocupacaoTÉCNICO DE OBRAS CIVIS, ESTRADAS, SANEAMENTO E ASSEMELHADOS           "
"1"," 0.615216"
"1","    "
"1","
ocupacaoTÉCNICO EM AGRONOMIA E AGRIMENSURA                                    "
"1"," 0.426388"
"1","    "
"1","
ocupacaoTÉCNICO EM EDIFICAÇÕES                                                "
"1"," 0.293003"
"1","    "
"1","
ocupacaoTÉCNICO EM INFORMÁTICA                                                "
"1"," 0.768423"
"1","    "
"1","
ocupacaoTELEFONISTA                                                           "
"1"," 0.215832"
"1","    "
"1","
ocupacaoTERAPEUTA                                                             "
"1"," 0.254307"
"1","    "
"1","
ocupacaoTRABALHADOR DE ARTES GRÁFICAS                                         "
"1"," 0.791787"
"1","    "
"1","
"
"1"," [ reached getOption(""max.print"") -- omitted 10 rows ]
"
"1","---
Signif. codes:  "
"1","0 ‘***’ 0.001 ‘**’ 0.01 ‘*’ 0.05 ‘.’ 0.1 ‘ ’ 1"
"1","
"
"1","
Residual standard error:"
"1"," "
"1","0.9779"
"1"," "
"1","on"
"1"," "
"1","3226"
"1"," "
"1","degrees of freedom"
"1","
"
"1","Multiple R-squared: "
"1"," "
"1","0.755"
"1",",	Adjusted R-squared: "
"1"," "
"1","0.7392"
"1"," "
"1","
F-statistic:"
"1"," "
"1","47.58"
"1"," "
"1","on"
"1"," "
"1","209"
"1"," "
"1","and"
"1"," "
"1","3226"
"1"," "
"1","DF,  p-value:"
"1"," "
"1","< 2.2e-16"
"1","
"
"1","
"
