"0","eleicoes2010 = select(eleicoes2010, uf, partido, quantidade_doadores, media_receita, recursos_de_pessoas_fisicas, quantidade_fornecedores, total_despesa, media_despesa, sexo, estado_civil, ocupacao, votos)"
"0","e2010lm = lm(votos ~ . , data = eleicoes2010)"
"0","print(summary(e2010lm))"
"1","
Call:
"
"1","lm(formula = votos ~ ., data = eleicoes2010)"
"1","

"
"1","Residuals:
"
"1","    Min "
"1","     1Q "
"1"," Median "
"1","     3Q "
"1","    Max "
"1","
"
"1","-4.7917 "
"1","-0.6211 "
"1","-0.0106 "
"1"," 0.6265 "
"1"," 4.2581 "
"1","
"
"1","
Coefficients:
"
"1","                                                                              "
"1","   Estimate"
"1","
(Intercept)                                                                   "
"1","  5.682e+00"
"1","
ufAL                                                                          "
"1","  7.747e-01"
"1","
ufAM                                                                          "
"1","  1.901e-01"
"1","
ufAP                                                                          "
"1","  2.447e-01"
"1","
ufBA                                                                          "
"1","  9.394e-01"
"1","
ufCE                                                                          "
"1","  1.274e+00"
"1","
ufDF                                                                          "
"1"," -2.042e-02"
"1","
ufES                                                                          "
"1","  3.790e-01"
"1","
ufGO                                                                          "
"1","  1.212e-01"
"1","
ufMA                                                                          "
"1","  1.143e+00"
"1","
ufMG                                                                          "
"1"," -1.651e-02"
"1","
ufMS                                                                          "
"1"," -5.431e-01"
"1","
ufMT                                                                          "
"1"," -1.258e-01"
"1","
ufPA                                                                          "
"1","  8.414e-01"
"1","
ufPB                                                                          "
"1","  5.490e-01"
"1","
ufPE                                                                          "
"1","  7.753e-01"
"1","
ufPI                                                                          "
"1","  1.258e-01"
"1","
ufPR                                                                          "
"1","  3.150e-01"
"1","
ufRJ                                                                          "
"1","  3.688e-01"
"1","
ufRN                                                                          "
"1","  5.622e-01"
"1","
ufRO                                                                          "
"1","  1.591e-01"
"1","
ufRR                                                                          "
"1"," -7.416e-01"
"1","
ufRS                                                                          "
"1","  3.395e-01"
"1","
ufSC                                                                          "
"1","  2.908e-01"
"1","
ufSE                                                                          "
"1","  4.960e-01"
"1","
ufSP                                                                          "
"1"," -9.463e-02"
"1","
ufTO                                                                          "
"1"," -3.768e-01"
"1","
partidoPC do B                                                                "
"1"," -4.506e-01"
"1","
partidoPCB                                                                    "
"1"," -1.895e-01"
"1","
partidoPCO                                                                    "
"1"," -3.820e-01"
"1","
partidoPDT                                                                    "
"1"," -1.146e-01"
"1","
partidoPHS                                                                    "
"1"," -7.407e-01"
"1","
partidoPMDB                                                                   "
"1"," -6.632e-02"
"1","
partidoPMN                                                                    "
"1"," -8.181e-01"
"1","
partidoPP                                                                     "
"1"," -1.376e-01"
"1","
partidoPPS                                                                    "
"1"," -3.299e-01"
"1","
partidoPR                                                                     "
"1"," -8.230e-02"
"1","
partidoPRB                                                                    "
"1"," -4.046e-01"
"1","
partidoPRP                                                                    "
"1"," -6.871e-01"
"1","
partidoPRTB                                                                   "
"1"," -6.798e-01"
"1","
partidoPSB                                                                    "
"1"," -2.952e-01"
"1","
partidoPSC                                                                    "
"1"," -3.516e-01"
"1","
partidoPSDB                                                                   "
"1"," -3.137e-02"
"1","
partidoPSDC                                                                   "
"1"," -5.889e-01"
"1","
partidoPSL                                                                    "
"1"," -5.131e-01"
"1","
partidoPSOL                                                                   "
"1"," -6.739e-01"
"1","
partidoPSTU                                                                   "
"1"," -4.081e-01"
"1","
partidoPT                                                                     "
"1"," -4.147e-02"
"1","
partidoPT do B                                                                "
"1"," -2.509e-01"
"1","
partidoPTB                                                                    "
"1"," -4.677e-01"
"1","
partidoPTC                                                                    "
"1"," -8.445e-01"
"1","
partidoPTN                                                                    "
"1"," -6.281e-01"
"1","
partidoPV                                                                     "
"1"," -2.914e-01"
"1","
quantidade_doadores                                                           "
"1","  4.263e-01"
"1","
media_receita                                                                 "
"1","  1.057e-05"
"1","
recursos_de_pessoas_fisicas                                                   "
"1","  6.743e-07"
"1","
quantidade_fornecedores                                                       "
"1","  4.023e-01"
"1","
total_despesa                                                                 "
"1","  1.187e-07"
"1","
media_despesa                                                                 "
"1"," -2.584e-06"
"1","
sexoMASCULINO                                                                 "
"1","  3.826e-01"
"1","
estado_civilDIVORCIADO(A)                                                     "
"1"," -1.813e-01"
"1","
estado_civilSEPARADO(A) JUDICIALMENTE                                         "
"1"," -2.578e-01"
"1","
estado_civilSOLTEIRO(A)                                                       "
"1"," -2.317e-01"
"1","
estado_civilVIÚVO(A)                                                          "
"1"," -2.328e-01"
"1","
ocupacaoADVOGADO                                                              "
"1"," -3.159e-02"
"1","
ocupacaoAGENCIADOR DE PROPAGANDA                                              "
"1"," -3.818e-01"
"1","
ocupacaoAGENTE ADMINISTRATIVO                                                 "
"1"," -6.405e-01"
"1","
ocupacaoAGENTE DE SAÚDE E SANITARISTA                                         "
"1"," -1.570e+00"
"1","
ocupacaoAGENTE DE VIAGEM                                                      "
"1"," -1.092e+00"
"1","
ocupacaoAGENTE POSTAL                                                         "
"1","  6.366e-01"
"1","
ocupacaoAGRICULTOR                                                            "
"1"," -4.981e-02"
"1","
ocupacaoAGRÔNOMO                                                              "
"1","  7.063e-01"
"1","
ocupacaoALMOXARIFE                                                            "
"1","  4.775e-01"
"1","
ocupacaoANALISTA DE SISTEMAS                                                  "
"1","  6.969e-02"
"1","
ocupacaoAPOSENTADO (EXCETO SERVIDOR PÚBLICO)                                  "
"1"," -4.081e-01"
"1","
ocupacaoARQUEÓLOGO                                                            "
"1"," -8.335e-01"
"1","
ocupacaoARQUITETO                                                             "
"1"," -4.631e-01"
"1","
ocupacaoARTESÃO                                                               "
"1"," -8.671e-01"
"1","
ocupacaoARTISTA PLÁSTICO E ASSEMELHADOS                                       "
"1"," -1.528e+00"
"1","
ocupacaoASSISTENTE SOCIAL                                                     "
"1","  5.981e-01"
"1","
ocupacaoASTRÔNOMO                                                             "
"1","  7.333e-01"
"1","
ocupacaoATLETA PROFISSIONAL E TÉCNICO EM DESPORTOS                            "
"1","  1.367e+00"
"1","
ocupacaoATOR E DIRETOR DE ESPETÁCULOS PÚBLICOS                                "
"1","  6.005e-01"
"1","
ocupacaoAUXILIAR DE ESCRITÓRIO E ASSEMELHADOS                                 "
"1"," -1.598e-01"
"1","
ocupacaoBANCÁRIO E ECONOMIÁRIO                                                "
"1"," -2.701e-01"
"1","
ocupacaoBIBLIOTECÁRIO                                                         "
"1","  5.949e-01"
"1","
ocupacaoBIÓLOGO                                                               "
"1","  2.959e-01"
"1","
ocupacaoBIOMÉDICO                                                             "
"1","  1.166e-01"
"1","
ocupacaoBOMBEIRO MILITAR                                                      "
"1"," -7.547e-02"
"1","
ocupacaoCABELEIREIRO E BARBEIRO                                               "
"1"," -3.418e-01"
"1","
ocupacaoCANTOR E COMPOSITOR                                                   "
"1","  5.573e-01"
"1","
ocupacaoCARPINTEIRO, MARCENEIRO E ASSEMELHADOS                                "
"1","  2.072e-01"
"1","
ocupacaoCOBRADOR DE TRANSPORTE COLETIVO                                       "
"1"," -4.678e-01"
"1","
ocupacaoCOMERCIANTE                                                           "
"1","  6.126e-02"
"1","
ocupacaoCOMERCIÁRIO                                                           "
"1"," -7.168e-01"
"1","
ocupacaoCOMUNICÓLOGO                                                          "
"1"," -3.878e-02"
"1","
ocupacaoCONTADOR                                                              "
"1","  4.697e-02"
"1","
ocupacaoCORRETOR DE IMÓVEIS, SEGUROS, TÍTULOS E VALORES                       "
"1"," -3.455e-01"
"1","
ocupacaoCOZINHEIRO                                                            "
"1"," -9.598e-01"
"1","
ocupacaoDEMONSTRADOR                                                          "
"1"," -4.176e-01"
"1","
ocupacaoDEPUTADO                                                              "
"1","  8.343e-01"
"1","
ocupacaoDESENHISTA                                                            "
"1"," -9.242e-01"
"1","
ocupacaoDESPACHANTE                                                           "
"1","  6.490e-01"
"1","
ocupacaoDIGITADOR                                                             "
"1"," -1.344e-01"
"1","
ocupacaoDIPLOMATA                                                             "
"1","  1.365e-01"
"1","
ocupacaoDIRETOR DE EMPRESAS                                                   "
"1"," -1.634e-01"
"1","
ocupacaoDIRETOR DE ESTABELECIMENTO DE ENSINO                                  "
"1"," -6.550e-01"
"1","
ocupacaoDONA DE CASA                                                          "
"1"," -1.445e-01"
"1","
ocupacaoECONOMISTA                                                            "
"1","  1.589e-01"
"1","
ocupacaoELETRICISTA E ASSEMELHADOS                                            "
"1"," -3.921e-01"
"1","
ocupacaoEMPRESÁRIO                                                            "
"1","  3.859e-02"
"1","
ocupacaoENFERMEIRO                                                            "
"1","  4.040e-01"
"1","
ocupacaoENGENHEIRO                                                            "
"1","  4.113e-03"
"1","
ocupacaoESCRITOR E CRÍTICO                                                    "
"1"," -9.710e-01"
"1","
ocupacaoESCULTOR E PINTOR                                                     "
"1"," -9.211e-01"
"1","
ocupacaoESTETICISTA                                                           "
"1"," -1.021e+00"
"1","
ocupacaoESTIVADOR, CARREGADOR E ASSEMELHADOS                                  "
"1","  3.069e-02"
"1","
ocupacaoESTUDANTE, BOLSISTA, ESTAGIÁRIO E ASSEMELHADOS                        "
"1","  1.325e-01"
"1","
ocupacaoFARMACÊUTICO                                                          "
"1","  8.290e-02"
"1","
ocupacaoFAXINEIRO                                                             "
"1"," -3.404e-01"
"1","
ocupacaoFERROVIÁRIO                                                           "
"1","  9.988e-01"
"1","
ocupacaoFISCAL                                                                "
"1"," -9.724e-01"
"1","
ocupacaoFISCAL DE TRANSPORTE COLETIVO                                         "
"1"," -4.929e-01"
"1","
ocupacaoFISIOTERAPEUTA E TERAPEUTA OCUPACIONAL                                "
"1"," -3.194e-01"
"1","
ocupacaoFONOAUDIÓLOGO                                                         "
"1"," -4.141e-01"
"1","
ocupacaoFOTÓGRAFO E ASSEMELHADOS                                              "
"1"," -3.266e-01"
"1","
ocupacaoFRENTISTA                                                             "
"1","  3.021e-02"
"1","
ocupacaoGARÇOM                                                                "
"1"," -1.187e+00"
"1","
ocupacaoGARI OU LIXEIRO                                                       "
"1","  1.382e+00"
"1","
ocupacaoGEÓGRAFO                                                              "
"1"," -2.701e-01"
"1","
ocupacaoGEÓLOGO                                                               "
"1","  1.112e+00"
"1","
ocupacaoGERENTE                                                               "
"1"," -1.736e-01"
"1","
ocupacaoGUIA DE TURISMO                                                       "
"1"," -1.213e-02"
"1","
ocupacaoHISTORIADOR                                                           "
"1"," -6.640e-02"
"1","
ocupacaoINDUSTRIAL                                                            "
"1","  3.316e-01"
"1","
ocupacaoJORNALISTA E REDATOR                                                  "
"1","  1.092e-02"
"1","
ocupacaoLEILOEIRO, AVALIADOR E ASSEMELHADOS                                   "
"1"," -4.534e-01"
"1","
ocupacaoLOCUTOR E COMENTARISTA DE RÁDIO E TELEVISÃO E RADIALISTA              "
"1","  9.204e-01"
"1","
ocupacaoMARINHEIRO CIVIL, CANOEIRO, EMBARCADO E ASSEMELHADOS                  "
"1"," -1.891e+00"
"1","
ocupacaoMECÂNICO DE MANUTENÇÃO                                                "
"1","  1.021e+00"
"1","
ocupacaoMÉDICO                                                                "
"1","  4.427e-01"
"1","
ocupacaoMEMBRO DAS FORÇAS ARMADAS                                             "
"1"," -2.552e-01"
"1","
ocupacaoMEMBRO DO MINISTÉRIO PÚBLICO                                          "
"1","  2.818e-01"
"1","
ocupacaoMILITAR REFORMADO                                                     "
"1"," -1.460e-01"
"1","
ocupacaoMODELO                                                                "
"1","  3.392e+00"
"1","
ocupacaoMOTOBOY                                                               "
"1","  1.560e-01"
"1","
ocupacaoMOTORISTA DE VEÍCULOS DE TRANSPORTE COLETIVO DE PASSAGEIROS           "
"1","  1.099e-01"
"1","
ocupacaoMOTORISTA DE VEÍCULOS DE TRANSPORTE DE CARGA                          "
"1"," -4.863e-01"
"1","
ocupacaoMOTORISTA PARTICULAR                                                  "
"1"," -2.309e-01"
"1","
ocupacaoMÚSICO                                                                "
"1","  6.620e-01"
"1","
ocupacaoOCUPANTE DE CARGO EM COMISSÃO                                         "
"1"," -1.338e-01"
"1","
ocupacaoODONTÓLOGO                                                            "
"1"," -3.426e-01"
"1","
ocupacaoOPERADOR DE APARELHOS DE PRODUÇÃO INDUSTRIAL                          "
"1"," -8.449e-01"
"1","
ocupacaoOPERADOR DE EQUIPAMENTO DE RÁDIO, TELEVISÃO, SOM E CINEMA             "
"1"," -1.207e+00"
"1","
ocupacaoOPERADOR DE INSTALAÇÃO DE PRODUÇÃO DE ENERGIA ELÉTRICA E NUCLEAR      "
"1"," -1.146e+00"
"1","
ocupacaoOUTROS                                                                "
"1"," -1.748e-01"
"1","
ocupacaoPADEIRO, CONFEITEIRO E ASSEMELHADOS                                   "
"1","  8.061e-02"
"1","
ocupacaoPECUARISTA                                                            "
"1","  3.409e-01"
"1","
ocupacaoPEDAGOGO                                                              "
"1","  2.590e-01"
"1","
ocupacaoPESCADOR                                                              "
"1","  3.433e-01"
"1","
ocupacaoPETROLEIRO                                                            "
"1"," -1.929e-01"
"1","
ocupacaoPILOTO DE AVIAÇÃO COMERCIAL, NAVEGADOR, MECÂNICO DE VÔO E ASSEMELHADOS"
"1","  5.226e-01"
"1","
ocupacaoPOLICIAL CIVIL                                                        "
"1","  2.122e-01"
"1","
ocupacaoPOLICIAL MILITAR                                                      "
"1"," -2.465e-01"
"1","
ocupacaoPORTEIRO DE EDIFÍCIO, ASCENSORISTA, GARAGISTA E ZELADOR               "
"1"," -1.709e+00"
"1","
ocupacaoPREFEITO                                                              "
"1","  6.506e-01"
"1","
ocupacaoPRODUTOR AGROPECUÁRIO                                                 "
"1"," -2.516e-02"
"1","
ocupacaoPRODUTOR DE ESPETÁCULOS PÚBLICOS                                      "
"1"," -6.647e-01"
"1","
ocupacaoPROFESSOR DE ENSINO FUNDAMENTAL                                       "
"1","  4.837e-02"
"1","
ocupacaoPROFESSOR DE ENSINO MÉDIO                                             "
"1"," -2.118e-01"
"1","
ocupacaoPROFESSOR DE ENSINO SUPERIOR                                          "
"1","  2.446e-01"
"1","
ocupacaoPROFESSOR E INSTRUTOR DE FORMAÇÃO PROFISSIONAL                        "
"1","  8.333e-02"
"1","
ocupacaoPSICÓLOGO                                                             "
"1","  1.643e-01"
"1","
ocupacaoPUBLICITÁRIO                                                          "
"1","  2.311e-01"
"1","
ocupacaoQUÍMICO                                                               "
"1"," -1.315e+00"
"1","
ocupacaoRECEPCIONISTA                                                         "
"1","  2.272e-01"
"1","
ocupacaoREPRESENTANTE COMERCIAL                                               "
"1"," -4.338e-01"
"1","
ocupacaoSACERDOTE OU MEMBRO DE ORDEM OU SEITA RELIGIOSA                       "
"1","  3.684e-01"
"1","
ocupacaoSECRETÁRIO E DATILÓGRAFO                                              "
"1"," -3.727e-01"
"1","
ocupacaoSECURITÁRIO                                                           "
"1","  4.529e-01"
"1","
ocupacaoSENADOR                                                               "
"1","  5.725e-01"
"1","
ocupacaoSERRALHEIRO                                                           "
"1"," -7.678e-01"
"1","
ocupacaoSERVENTUÁRIO DE JUSTIÇA                                               "
"1","  1.565e+00"
"1","
ocupacaoSERVIDOR DA JUSTIÇA ELEITORAL                                         "
"1","  1.054e-01"
"1","
ocupacaoSERVIDOR PÚBLICO CIVIL APOSENTADO                                     "
"1"," -4.538e-01"
"1","
ocupacaoSERVIDOR PÚBLICO ESTADUAL                                             "
"1"," -7.939e-03"
"1","
ocupacaoSERVIDOR PÚBLICO FEDERAL                                              "
"1"," -1.565e-01"
"1","
ocupacaoSERVIDOR PÚBLICO MUNICIPAL                                            "
"1"," -1.274e-01"
"1","
ocupacaoSOCIÓLOGO                                                             "
"1"," -5.239e-01"
"1","
ocupacaoSUPERVISOR, INSPETOR E AGENTE DE COMPRAS E VENDAS                     "
"1"," -3.947e-02"
"1","
ocupacaoTAQUÍGRAFO E ESTENÓGRAFO                                              "
"1"," -2.818e+00"
"1","
ocupacaoTAXISTA                                                               "
"1"," -4.756e-01"
"1","
ocupacaoTÉCNICO CONTABILIDADE, ESTATÍSTICA, ECONOMIA DOMÉSTICA E ADMINISTRAÇÃO"
"1"," -3.366e-01"
"1","
ocupacaoTÉCNICO DE ELETRICIDADE, ELETRÔNICA E TELECOMUNICAÇÕES                "
"1"," -5.072e-01"
"1","
ocupacaoTÉCNICO DE ENFERMAGEM E ASSEMELHADOS (EXCETO ENFERMEIRO)              "
"1"," -1.872e-01"
"1","
ocupacaoTÉCNICO DE LABORATÓRIO E RAIOS X                                      "
"1","  1.427e-01"
"1","
ocupacaoTÉCNICO DE MECÂNICA                                                   "
"1","  2.420e-01"
"1","
ocupacaoTÉCNICO DE OBRAS CIVIS, ESTRADAS, SANEAMENTO E ASSEMELHADOS           "
"1"," -7.830e-01"
"1","
ocupacaoTÉCNICO EM AGRONOMIA E AGRIMENSURA                                    "
"1","  1.005e+00"
"1","
ocupacaoTÉCNICO EM INFORMÁTICA                                                "
"1"," -6.075e-01"
"1","
"
"1","                                                                              "
"1"," Std. Error"
"1"," t value"
"1","
(Intercept)                                                                   "
"1","  2.305e-01"
"1","  24.656"
"1","
ufAL                                                                          "
"1","  2.355e-01"
"1","   3.290"
"1","
ufAM                                                                          "
"1","  2.401e-01"
"1","   0.792"
"1","
ufAP                                                                          "
"1","  2.259e-01"
"1","   1.083"
"1","
ufBA                                                                          "
"1","  1.983e-01"
"1","   4.737"
"1","
ufCE                                                                          "
"1","  2.154e-01"
"1","   5.915"
"1","
ufDF                                                                          "
"1","  2.194e-01"
"1","  -0.093"
"1","
ufES                                                                          "
"1","  2.217e-01"
"1","   1.710"
"1","
ufGO                                                                          "
"1","  2.120e-01"
"1","   0.572"
"1","
ufMA                                                                          "
"1","  2.052e-01"
"1","   5.568"
"1","
ufMG                                                                          "
"1","  1.898e-01"
"1","  -0.087"
"1","
ufMS                                                                          "
"1","  2.230e-01"
"1","  -2.436"
"1","
ufMT                                                                          "
"1","  2.278e-01"
"1","  -0.552"
"1","
ufPA                                                                          "
"1","  2.122e-01"
"1","   3.965"
"1","
ufPB                                                                          "
"1","  2.207e-01"
"1","   2.487"
"1","
ufPE                                                                          "
"1","  2.074e-01"
"1","   3.739"
"1","
ufPI                                                                          "
"1","  2.220e-01"
"1","   0.567"
"1","
ufPR                                                                          "
"1","  1.964e-01"
"1","   1.604"
"1","
ufRJ                                                                          "
"1","  1.885e-01"
"1","   1.956"
"1","
ufRN                                                                          "
"1","  2.390e-01"
"1","   2.352"
"1","
ufRO                                                                          "
"1","  2.230e-01"
"1","   0.714"
"1","
ufRR                                                                          "
"1","  2.355e-01"
"1","  -3.149"
"1","
ufRS                                                                          "
"1","  1.964e-01"
"1","   1.729"
"1","
ufSC                                                                          "
"1","  2.029e-01"
"1","   1.433"
"1","
ufSE                                                                          "
"1","  2.413e-01"
"1","   2.056"
"1","
ufSP                                                                          "
"1","  1.864e-01"
"1","  -0.508"
"1","
ufTO                                                                          "
"1","  2.468e-01"
"1","  -1.527"
"1","
partidoPC do B                                                                "
"1","  1.308e-01"
"1","  -3.445"
"1","
partidoPCB                                                                    "
"1","  3.324e-01"
"1","  -0.570"
"1","
partidoPCO                                                                    "
"1","  5.960e-01"
"1","  -0.641"
"1","
partidoPDT                                                                    "
"1","  1.060e-01"
"1","  -1.081"
"1","
partidoPHS                                                                    "
"1","  1.224e-01"
"1","  -6.052"
"1","
partidoPMDB                                                                   "
"1","  9.934e-02"
"1","  -0.668"
"1","
partidoPMN                                                                    "
"1","  1.155e-01"
"1","  -7.082"
"1","
partidoPP                                                                     "
"1","  1.108e-01"
"1","  -1.243"
"1","
partidoPPS                                                                    "
"1","  1.233e-01"
"1","  -2.675"
"1","
partidoPR                                                                     "
"1","  1.191e-01"
"1","  -0.691"
"1","
partidoPRB                                                                    "
"1","  1.301e-01"
"1","  -3.110"
"1","
partidoPRP                                                                    "
"1","  1.498e-01"
"1","  -4.587"
"1","
partidoPRTB                                                                   "
"1","  1.393e-01"
"1","  -4.881"
"1","
partidoPSB                                                                    "
"1","  1.045e-01"
"1","  -2.824"
"1","
partidoPSC                                                                    "
"1","  1.150e-01"
"1","  -3.058"
"1","
partidoPSDB                                                                   "
"1","  1.048e-01"
"1","  -0.299"
"1","
partidoPSDC                                                                   "
"1","  1.698e-01"
"1","  -3.467"
"1","
partidoPSL                                                                    "
"1","  1.274e-01"
"1","  -4.026"
"1","
partidoPSOL                                                                   "
"1","  1.154e-01"
"1","  -5.841"
"1","
partidoPSTU                                                                   "
"1","  2.382e-01"
"1","  -1.713"
"1","
partidoPT                                                                     "
"1","  1.014e-01"
"1","  -0.409"
"1","
partidoPT do B                                                                "
"1","  1.360e-01"
"1","  -1.845"
"1","
partidoPTB                                                                    "
"1","  1.043e-01"
"1","  -4.483"
"1","
partidoPTC                                                                    "
"1","  1.127e-01"
"1","  -7.492"
"1","
partidoPTN                                                                    "
"1","  1.558e-01"
"1","  -4.031"
"1","
partidoPV                                                                     "
"1","  1.021e-01"
"1","  -2.852"
"1","
quantidade_doadores                                                           "
"1","  3.086e-02"
"1","  13.814"
"1","
media_receita                                                                 "
"1","  1.609e-06"
"1","   6.568"
"1","
recursos_de_pessoas_fisicas                                                   "
"1","  2.603e-07"
"1","   2.591"
"1","
quantidade_fornecedores                                                       "
"1","  2.470e-02"
"1","  16.290"
"1","
total_despesa                                                                 "
"1","  5.805e-08"
"1","   2.045"
"1","
media_despesa                                                                 "
"1","  2.600e-06"
"1","  -0.994"
"1","
sexoMASCULINO                                                                 "
"1","  4.929e-02"
"1","   7.762"
"1","
estado_civilDIVORCIADO(A)                                                     "
"1","  5.509e-02"
"1","  -3.291"
"1","
estado_civilSEPARADO(A) JUDICIALMENTE                                         "
"1","  8.900e-02"
"1","  -2.896"
"1","
estado_civilSOLTEIRO(A)                                                       "
"1","  4.225e-02"
"1","  -5.484"
"1","
estado_civilVIÚVO(A)                                                          "
"1","  1.229e-01"
"1","  -1.894"
"1","
ocupacaoADVOGADO                                                              "
"1","  1.149e-01"
"1","  -0.275"
"1","
ocupacaoAGENCIADOR DE PROPAGANDA                                              "
"1","  1.017e+00"
"1","  -0.375"
"1","
ocupacaoAGENTE ADMINISTRATIVO                                                 "
"1","  2.305e-01"
"1","  -2.779"
"1","
ocupacaoAGENTE DE SAÚDE E SANITARISTA                                         "
"1","  3.571e-01"
"1","  -4.397"
"1","
ocupacaoAGENTE DE VIAGEM                                                      "
"1","  7.222e-01"
"1","  -1.511"
"1","
ocupacaoAGENTE POSTAL                                                         "
"1","  5.926e-01"
"1","   1.074"
"1","
ocupacaoAGRICULTOR                                                            "
"1","  2.132e-01"
"1","  -0.234"
"1","
ocupacaoAGRÔNOMO                                                              "
"1","  5.156e-01"
"1","   1.370"
"1","
ocupacaoALMOXARIFE                                                            "
"1","  1.016e+00"
"1","   0.470"
"1","
ocupacaoANALISTA DE SISTEMAS                                                  "
"1","  4.624e-01"
"1","   0.151"
"1","
ocupacaoAPOSENTADO (EXCETO SERVIDOR PÚBLICO)                                  "
"1","  1.452e-01"
"1","  -2.809"
"1","
ocupacaoARQUEÓLOGO                                                            "
"1","  1.020e+00"
"1","  -0.817"
"1","
ocupacaoARQUITETO                                                             "
"1","  3.529e-01"
"1","  -1.312"
"1","
ocupacaoARTESÃO                                                               "
"1","  5.156e-01"
"1","  -1.682"
"1","
ocupacaoARTISTA PLÁSTICO E ASSEMELHADOS                                       "
"1","  5.924e-01"
"1","  -2.579"
"1","
ocupacaoASSISTENTE SOCIAL                                                     "
"1","  3.741e-01"
"1","   1.599"
"1","
ocupacaoASTRÔNOMO                                                             "
"1","  7.210e-01"
"1","   1.017"
"1","
ocupacaoATLETA PROFISSIONAL E TÉCNICO EM DESPORTOS                            "
"1","  3.950e-01"
"1","   3.461"
"1","
ocupacaoATOR E DIRETOR DE ESPETÁCULOS PÚBLICOS                                "
"1","  4.252e-01"
"1","   1.412"
"1","
ocupacaoAUXILIAR DE ESCRITÓRIO E ASSEMELHADOS                                 "
"1","  2.603e-01"
"1","  -0.614"
"1","
ocupacaoBANCÁRIO E ECONOMIÁRIO                                                "
"1","  2.345e-01"
"1","  -1.151"
"1","
ocupacaoBIBLIOTECÁRIO                                                         "
"1","  1.024e+00"
"1","   0.581"
"1","
ocupacaoBIÓLOGO                                                               "
"1","  7.220e-01"
"1","   0.410"
"1","
ocupacaoBIOMÉDICO                                                             "
"1","  1.015e+00"
"1","   0.115"
"1","
ocupacaoBOMBEIRO MILITAR                                                      "
"1","  2.814e-01"
"1","  -0.268"
"1","
ocupacaoCABELEIREIRO E BARBEIRO                                               "
"1","  3.729e-01"
"1","  -0.916"
"1","
ocupacaoCANTOR E COMPOSITOR                                                   "
"1","  2.478e-01"
"1","   2.249"
"1","
ocupacaoCARPINTEIRO, MARCENEIRO E ASSEMELHADOS                                "
"1","  7.234e-01"
"1","   0.286"
"1","
ocupacaoCOBRADOR DE TRANSPORTE COLETIVO                                       "
"1","  1.015e+00"
"1","  -0.461"
"1","
ocupacaoCOMERCIANTE                                                           "
"1","  1.283e-01"
"1","   0.478"
"1","
ocupacaoCOMERCIÁRIO                                                           "
"1","  2.654e-01"
"1","  -2.700"
"1","
ocupacaoCOMUNICÓLOGO                                                          "
"1","  5.934e-01"
"1","  -0.065"
"1","
ocupacaoCONTADOR                                                              "
"1","  1.821e-01"
"1","   0.258"
"1","
ocupacaoCORRETOR DE IMÓVEIS, SEGUROS, TÍTULOS E VALORES                       "
"1","  2.007e-01"
"1","  -1.722"
"1","
ocupacaoCOZINHEIRO                                                            "
"1","  5.161e-01"
"1","  -1.860"
"1","
ocupacaoDEMONSTRADOR                                                          "
"1","  1.017e+00"
"1","  -0.411"
"1","
ocupacaoDEPUTADO                                                              "
"1","  1.171e-01"
"1","   7.123"
"1","
ocupacaoDESENHISTA                                                            "
"1","  1.018e+00"
"1","  -0.908"
"1","
ocupacaoDESPACHANTE                                                           "
"1","  5.929e-01"
"1","   1.095"
"1","
ocupacaoDIGITADOR                                                             "
"1","  5.983e-01"
"1","  -0.225"
"1","
ocupacaoDIPLOMATA                                                             "
"1","  7.228e-01"
"1","   0.189"
"1","
ocupacaoDIRETOR DE EMPRESAS                                                   "
"1","  2.583e-01"
"1","  -0.633"
"1","
ocupacaoDIRETOR DE ESTABELECIMENTO DE ENSINO                                  "
"1","  7.213e-01"
"1","  -0.908"
"1","
ocupacaoDONA DE CASA                                                          "
"1","  2.270e-01"
"1","  -0.636"
"1","
ocupacaoECONOMISTA                                                            "
"1","  2.078e-01"
"1","   0.765"
"1","
ocupacaoELETRICISTA E ASSEMELHADOS                                            "
"1","  3.095e-01"
"1","  -1.267"
"1","
ocupacaoEMPRESÁRIO                                                            "
"1","  1.120e-01"
"1","   0.345"
"1","
ocupacaoENFERMEIRO                                                            "
"1","  2.671e-01"
"1","   1.513"
"1","
ocupacaoENGENHEIRO                                                            "
"1","  1.527e-01"
"1","   0.027"
"1","
ocupacaoESCRITOR E CRÍTICO                                                    "
"1","  5.148e-01"
"1","  -1.886"
"1","
ocupacaoESCULTOR E PINTOR                                                     "
"1","  1.019e+00"
"1","  -0.904"
"1","
ocupacaoESTETICISTA                                                           "
"1","  5.922e-01"
"1","  -1.724"
"1","
ocupacaoESTIVADOR, CARREGADOR E ASSEMELHADOS                                  "
"1","  1.014e+00"
"1","   0.030"
"1","
ocupacaoESTUDANTE, BOLSISTA, ESTAGIÁRIO E ASSEMELHADOS                        "
"1","  1.752e-01"
"1","   0.757"
"1","
ocupacaoFARMACÊUTICO                                                          "
"1","  3.725e-01"
"1","   0.223"
"1","
ocupacaoFAXINEIRO                                                             "
"1","  1.016e+00"
"1","  -0.335"
"1","
ocupacaoFERROVIÁRIO                                                           "
"1","  1.013e+00"
"1","   0.986"
"1","
ocupacaoFISCAL                                                                "
"1","  3.734e-01"
"1","  -2.604"
"1","
ocupacaoFISCAL DE TRANSPORTE COLETIVO                                         "
"1","  1.014e+00"
"1","  -0.486"
"1","
ocupacaoFISIOTERAPEUTA E TERAPEUTA OCUPACIONAL                                "
"1","  7.242e-01"
"1","  -0.441"
"1","
ocupacaoFONOAUDIÓLOGO                                                         "
"1","  1.014e+00"
"1","  -0.409"
"1","
ocupacaoFOTÓGRAFO E ASSEMELHADOS                                              "
"1","  3.204e-01"
"1","  -1.019"
"1","
ocupacaoFRENTISTA                                                             "
"1","  7.406e-01"
"1","   0.041"
"1","
ocupacaoGARÇOM                                                                "
"1","  7.211e-01"
"1","  -1.646"
"1","
ocupacaoGARI OU LIXEIRO                                                       "
"1","  1.023e+00"
"1","   1.352"
"1","
ocupacaoGEÓGRAFO                                                              "
"1","  7.267e-01"
"1","  -0.372"
"1","
ocupacaoGEÓLOGO                                                               "
"1","  7.249e-01"
"1","   1.534"
"1","
ocupacaoGERENTE                                                               "
"1","  2.723e-01"
"1","  -0.637"
"1","
ocupacaoGUIA DE TURISMO                                                       "
"1","  7.254e-01"
"1","  -0.017"
"1","
ocupacaoHISTORIADOR                                                           "
"1","  4.293e-01"
"1","  -0.155"
"1","
ocupacaoINDUSTRIAL                                                            "
"1","  3.725e-01"
"1","   0.890"
"1","
ocupacaoJORNALISTA E REDATOR                                                  "
"1","  1.905e-01"
"1","   0.057"
"1","
ocupacaoLEILOEIRO, AVALIADOR E ASSEMELHADOS                                   "
"1","  1.020e+00"
"1","  -0.445"
"1","
ocupacaoLOCUTOR E COMENTARISTA DE RÁDIO E TELEVISÃO E RADIALISTA              "
"1","  3.214e-01"
"1","   2.864"
"1","
ocupacaoMARINHEIRO CIVIL, CANOEIRO, EMBARCADO E ASSEMELHADOS                  "
"1","  7.233e-01"
"1","  -2.615"
"1","
ocupacaoMECÂNICO DE MANUTENÇÃO                                                "
"1","  4.634e-01"
"1","   2.204"
"1","
ocupacaoMÉDICO                                                                "
"1","  1.302e-01"
"1","   3.400"
"1","
ocupacaoMEMBRO DAS FORÇAS ARMADAS                                             "
"1","  2.672e-01"
"1","  -0.955"
"1","
ocupacaoMEMBRO DO MINISTÉRIO PÚBLICO                                          "
"1","  5.933e-01"
"1","   0.475"
"1","
ocupacaoMILITAR REFORMADO                                                     "
"1","  1.736e-01"
"1","  -0.841"
"1","
ocupacaoMODELO                                                                "
"1","  1.021e+00"
"1","   3.321"
"1","
ocupacaoMOTOBOY                                                               "
"1","  5.944e-01"
"1","   0.263"
"1","
ocupacaoMOTORISTA DE VEÍCULOS DE TRANSPORTE COLETIVO DE PASSAGEIROS           "
"1","  3.226e-01"
"1","   0.340"
"1","
ocupacaoMOTORISTA DE VEÍCULOS DE TRANSPORTE DE CARGA                          "
"1","  5.171e-01"
"1","  -0.940"
"1","
ocupacaoMOTORISTA PARTICULAR                                                  "
"1","  2.991e-01"
"1","  -0.772"
"1","
ocupacaoMÚSICO                                                                "
"1","  3.088e-01"
"1","   2.144"
"1","
ocupacaoOCUPANTE DE CARGO EM COMISSÃO                                         "
"1","  4.244e-01"
"1","  -0.315"
"1","
ocupacaoODONTÓLOGO                                                            "
"1","  2.475e-01"
"1","  -1.384"
"1","
ocupacaoOPERADOR DE APARELHOS DE PRODUÇÃO INDUSTRIAL                          "
"1","  4.250e-01"
"1","  -1.988"
"1","
ocupacaoOPERADOR DE EQUIPAMENTO DE RÁDIO, TELEVISÃO, SOM E CINEMA             "
"1","  1.029e+00"
"1","  -1.173"
"1","
ocupacaoOPERADOR DE INSTALAÇÃO DE PRODUÇÃO DE ENERGIA ELÉTRICA E NUCLEAR      "
"1","  1.014e+00"
"1","  -1.131"
"1","
ocupacaoOUTROS                                                                "
"1","  1.098e-01"
"1","  -1.592"
"1","
ocupacaoPADEIRO, CONFEITEIRO E ASSEMELHADOS                                   "
"1","  1.023e+00"
"1","   0.079"
"1","
ocupacaoPECUARISTA                                                            "
"1","  4.004e-01"
"1","   0.851"
"1","
ocupacaoPEDAGOGO                                                              "
"1","  2.814e-01"
"1","   0.920"
"1","
ocupacaoPESCADOR                                                              "
"1","  4.683e-01"
"1","   0.733"
"1","
ocupacaoPETROLEIRO                                                            "
"1","  4.281e-01"
"1","  -0.451"
"1","
ocupacaoPILOTO DE AVIAÇÃO COMERCIAL, NAVEGADOR, MECÂNICO DE VÔO E ASSEMELHADOS"
"1","  1.023e+00"
"1","   0.511"
"1","
ocupacaoPOLICIAL CIVIL                                                        "
"1","  2.225e-01"
"1","   0.954"
"1","
ocupacaoPOLICIAL MILITAR                                                      "
"1","  1.563e-01"
"1","  -1.578"
"1","
ocupacaoPORTEIRO DE EDIFÍCIO, ASCENSORISTA, GARAGISTA E ZELADOR               "
"1","  5.925e-01"
"1","  -2.884"
"1","
ocupacaoPREFEITO                                                              "
"1","  1.021e+00"
"1","   0.637"
"1","
ocupacaoPRODUTOR AGROPECUÁRIO                                                 "
"1","  3.986e-01"
"1","  -0.063"
"1","
ocupacaoPRODUTOR DE ESPETÁCULOS PÚBLICOS                                      "
"1","  3.962e-01"
"1","  -1.678"
"1","
ocupacaoPROFESSOR DE ENSINO FUNDAMENTAL                                       "
"1","  1.890e-01"
"1","   0.256"
"1","
ocupacaoPROFESSOR DE ENSINO MÉDIO                                             "
"1","  1.477e-01"
"1","  -1.435"
"1","
ocupacaoPROFESSOR DE ENSINO SUPERIOR                                          "
"1","  1.525e-01"
"1","   1.604"
"1","
ocupacaoPROFESSOR E INSTRUTOR DE FORMAÇÃO PROFISSIONAL                        "
"1","  2.797e-01"
"1","   0.298"
"1","
ocupacaoPSICÓLOGO                                                             "
"1","  2.899e-01"
"1","   0.567"
"1","
ocupacaoPUBLICITÁRIO                                                          "
"1","  2.978e-01"
"1","   0.776"
"1","
ocupacaoQUÍMICO                                                               "
"1","  7.224e-01"
"1","  -1.820"
"1","
ocupacaoRECEPCIONISTA                                                         "
"1","  4.643e-01"
"1","   0.489"
"1","
ocupacaoREPRESENTANTE COMERCIAL                                               "
"1","  2.303e-01"
"1","  -1.884"
"1","
ocupacaoSACERDOTE OU MEMBRO DE ORDEM OU SEITA RELIGIOSA                       "
"1","  2.238e-01"
"1","   1.646"
"1","
ocupacaoSECRETÁRIO E DATILÓGRAFO                                              "
"1","  3.969e-01"
"1","  -0.939"
"1","
ocupacaoSECURITÁRIO                                                           "
"1","  1.014e+00"
"1","   0.447"
"1","
ocupacaoSENADOR                                                               "
"1","  4.305e-01"
"1","   1.330"
"1","
ocupacaoSERRALHEIRO                                                           "
"1","  7.214e-01"
"1","  -1.064"
"1","
ocupacaoSERVENTUÁRIO DE JUSTIÇA                                               "
"1","  7.271e-01"
"1","   2.152"
"1","
ocupacaoSERVIDOR DA JUSTIÇA ELEITORAL                                         "
"1","  1.014e+00"
"1","   0.104"
"1","
ocupacaoSERVIDOR PÚBLICO CIVIL APOSENTADO                                     "
"1","  2.652e-01"
"1","  -1.711"
"1","
ocupacaoSERVIDOR PÚBLICO ESTADUAL                                             "
"1","  1.318e-01"
"1","  -0.060"
"1","
ocupacaoSERVIDOR PÚBLICO FEDERAL                                              "
"1","  1.392e-01"
"1","  -1.124"
"1","
ocupacaoSERVIDOR PÚBLICO MUNICIPAL                                            "
"1","  1.527e-01"
"1","  -0.834"
"1","
ocupacaoSOCIÓLOGO                                                             "
"1","  1.021e+00"
"1","  -0.513"
"1","
ocupacaoSUPERVISOR, INSPETOR E AGENTE DE COMPRAS E VENDAS                     "
"1","  4.627e-01"
"1","  -0.085"
"1","
ocupacaoTAQUÍGRAFO E ESTENÓGRAFO                                              "
"1","  1.030e+00"
"1","  -2.736"
"1","
ocupacaoTAXISTA                                                               "
"1","  3.531e-01"
"1","  -1.347"
"1","
ocupacaoTÉCNICO CONTABILIDADE, ESTATÍSTICA, ECONOMIA DOMÉSTICA E ADMINISTRAÇÃO"
"1","  2.799e-01"
"1","  -1.203"
"1","
ocupacaoTÉCNICO DE ELETRICIDADE, ELETRÔNICA E TELECOMUNICAÇÕES                "
"1","  4.629e-01"
"1","  -1.096"
"1","
ocupacaoTÉCNICO DE ENFERMAGEM E ASSEMELHADOS (EXCETO ENFERMEIRO)              "
"1","  5.172e-01"
"1","  -0.362"
"1","
ocupacaoTÉCNICO DE LABORATÓRIO E RAIOS X                                      "
"1","  5.952e-01"
"1","   0.240"
"1","
ocupacaoTÉCNICO DE MECÂNICA                                                   "
"1","  7.221e-01"
"1","   0.335"
"1","
ocupacaoTÉCNICO DE OBRAS CIVIS, ESTRADAS, SANEAMENTO E ASSEMELHADOS           "
"1","  1.019e+00"
"1","  -0.769"
"1","
ocupacaoTÉCNICO EM AGRONOMIA E AGRIMENSURA                                    "
"1","  5.968e-01"
"1","   1.685"
"1","
ocupacaoTÉCNICO EM INFORMÁTICA                                                "
"1","  4.643e-01"
"1","  -1.309"
"1","
"
"1","                                                                              "
"1"," Pr(>|t|)"
"1","    "
"1","
(Intercept)                                                                   "
"1","  < 2e-16"
"1"," ***"
"1","
ufAL                                                                          "
"1"," 0.001011"
"1"," ** "
"1","
ufAM                                                                          "
"1"," 0.428643"
"1","    "
"1","
ufAP                                                                          "
"1"," 0.278736"
"1","    "
"1","
ufBA                                                                          "
"1"," 2.24e-06"
"1"," ***"
"1","
ufCE                                                                          "
"1"," 3.60e-09"
"1"," ***"
"1","
ufDF                                                                          "
"1"," 0.925857"
"1","    "
"1","
ufES                                                                          "
"1"," 0.087333"
"1"," .  "
"1","
ufGO                                                                          "
"1"," 0.567630"
"1","    "
"1","
ufMA                                                                          "
"1"," 2.76e-08"
"1"," ***"
"1","
ufMG                                                                          "
"1"," 0.930678"
"1","    "
"1","
ufMS                                                                          "
"1"," 0.014912"
"1"," *  "
"1","
ufMT                                                                          "
"1"," 0.580884"
"1","    "
"1","
ufPA                                                                          "
"1"," 7.48e-05"
"1"," ***"
"1","
ufPB                                                                          "
"1"," 0.012913"
"1"," *  "
"1","
ufPE                                                                          "
"1"," 0.000188"
"1"," ***"
"1","
ufPI                                                                          "
"1"," 0.570887"
"1","    "
"1","
ufPR                                                                          "
"1"," 0.108732"
"1","    "
"1","
ufRJ                                                                          "
"1"," 0.050504"
"1"," .  "
"1","
ufRN                                                                          "
"1"," 0.018726"
"1"," *  "
"1","
ufRO                                                                          "
"1"," 0.475432"
"1","    "
"1","
ufRR                                                                          "
"1"," 0.001653"
"1"," ** "
"1","
ufRS                                                                          "
"1"," 0.083855"
"1"," .  "
"1","
ufSC                                                                          "
"1"," 0.151890"
"1","    "
"1","
ufSE                                                                          "
"1"," 0.039858"
"1"," *  "
"1","
ufSP                                                                          "
"1"," 0.611690"
"1","    "
"1","
ufTO                                                                          "
"1"," 0.126928"
"1","    "
"1","
partidoPC do B                                                                "
"1"," 0.000578"
"1"," ***"
"1","
partidoPCB                                                                    "
"1"," 0.568589"
"1","    "
"1","
partidoPCO                                                                    "
"1"," 0.521584"
"1","    "
"1","
partidoPDT                                                                    "
"1"," 0.279553"
"1","    "
"1","
partidoPHS                                                                    "
"1"," 1.56e-09"
"1"," ***"
"1","
partidoPMDB                                                                   "
"1"," 0.504428"
"1","    "
"1","
partidoPMN                                                                    "
"1"," 1.68e-12"
"1"," ***"
"1","
partidoPP                                                                     "
"1"," 0.214126"
"1","    "
"1","
partidoPPS                                                                    "
"1"," 0.007498"
"1"," ** "
"1","
partidoPR                                                                     "
"1"," 0.489673"
"1","    "
"1","
partidoPRB                                                                    "
"1"," 0.001885"
"1"," ** "
"1","
partidoPRP                                                                    "
"1"," 4.65e-06"
"1"," ***"
"1","
partidoPRTB                                                                   "
"1"," 1.10e-06"
"1"," ***"
"1","
partidoPSB                                                                    "
"1"," 0.004764"
"1"," ** "
"1","
partidoPSC                                                                    "
"1"," 0.002245"
"1"," ** "
"1","
partidoPSDB                                                                   "
"1"," 0.764842"
"1","    "
"1","
partidoPSDC                                                                   "
"1"," 0.000532"
"1"," ***"
"1","
partidoPSL                                                                    "
"1"," 5.78e-05"
"1"," ***"
"1","
partidoPSOL                                                                   "
"1"," 5.61e-09"
"1"," ***"
"1","
partidoPSTU                                                                   "
"1"," 0.086768"
"1"," .  "
"1","
partidoPT                                                                     "
"1"," 0.682741"
"1","    "
"1","
partidoPT do B                                                                "
"1"," 0.065106"
"1"," .  "
"1","
partidoPTB                                                                    "
"1"," 7.59e-06"
"1"," ***"
"1","
partidoPTC                                                                    "
"1"," 8.39e-14"
"1"," ***"
"1","
partidoPTN                                                                    "
"1"," 5.65e-05"
"1"," ***"
"1","
partidoPV                                                                     "
"1"," 0.004363"
"1"," ** "
"1","
quantidade_doadores                                                           "
"1","  < 2e-16"
"1"," ***"
"1","
media_receita                                                                 "
"1"," 5.77e-11"
"1"," ***"
"1","
recursos_de_pessoas_fisicas                                                   "
"1"," 0.009616"
"1"," ** "
"1","
quantidade_fornecedores                                                       "
"1","  < 2e-16"
"1"," ***"
"1","
total_despesa                                                                 "
"1"," 0.040921"
"1"," *  "
"1","
media_despesa                                                                 "
"1"," 0.320388"
"1","    "
"1","
sexoMASCULINO                                                                 "
"1"," 1.07e-14"
"1"," ***"
"1","
estado_civilDIVORCIADO(A)                                                     "
"1"," 0.001006"
"1"," ** "
"1","
estado_civilSEPARADO(A) JUDICIALMENTE                                         "
"1"," 0.003798"
"1"," ** "
"1","
estado_civilSOLTEIRO(A)                                                       "
"1"," 4.44e-08"
"1"," ***"
"1","
estado_civilVIÚVO(A)                                                          "
"1"," 0.058267"
"1"," .  "
"1","
ocupacaoADVOGADO                                                              "
"1"," 0.783415"
"1","    "
"1","
ocupacaoAGENCIADOR DE PROPAGANDA                                              "
"1"," 0.707400"
"1","    "
"1","
ocupacaoAGENTE ADMINISTRATIVO                                                 "
"1"," 0.005480"
"1"," ** "
"1","
ocupacaoAGENTE DE SAÚDE E SANITARISTA                                         "
"1"," 1.13e-05"
"1"," ***"
"1","
ocupacaoAGENTE DE VIAGEM                                                      "
"1"," 0.130751"
"1","    "
"1","
ocupacaoAGENTE POSTAL                                                         "
"1"," 0.282754"
"1","    "
"1","
ocupacaoAGRICULTOR                                                            "
"1"," 0.815294"
"1","    "
"1","
ocupacaoAGRÔNOMO                                                              "
"1"," 0.170780"
"1","    "
"1","
ocupacaoALMOXARIFE                                                            "
"1"," 0.638347"
"1","    "
"1","
ocupacaoANALISTA DE SISTEMAS                                                  "
"1"," 0.880202"
"1","    "
"1","
ocupacaoAPOSENTADO (EXCETO SERVIDOR PÚBLICO)                                  "
"1"," 0.004988"
"1"," ** "
"1","
ocupacaoARQUEÓLOGO                                                            "
"1"," 0.413832"
"1","    "
"1","
ocupacaoARQUITETO                                                             "
"1"," 0.189481"
"1","    "
"1","
ocupacaoARTESÃO                                                               "
"1"," 0.092694"
"1"," .  "
"1","
ocupacaoARTISTA PLÁSTICO E ASSEMELHADOS                                       "
"1"," 0.009946"
"1"," ** "
"1","
ocupacaoASSISTENTE SOCIAL                                                     "
"1"," 0.109910"
"1","    "
"1","
ocupacaoASTRÔNOMO                                                             "
"1"," 0.309182"
"1","    "
"1","
ocupacaoATLETA PROFISSIONAL E TÉCNICO EM DESPORTOS                            "
"1"," 0.000543"
"1"," ***"
"1","
ocupacaoATOR E DIRETOR DE ESPETÁCULOS PÚBLICOS                                "
"1"," 0.157989"
"1","    "
"1","
ocupacaoAUXILIAR DE ESCRITÓRIO E ASSEMELHADOS                                 "
"1"," 0.539278"
"1","    "
"1","
ocupacaoBANCÁRIO E ECONOMIÁRIO                                                "
"1"," 0.249604"
"1","    "
"1","
ocupacaoBIBLIOTECÁRIO                                                         "
"1"," 0.561432"
"1","    "
"1","
ocupacaoBIÓLOGO                                                               "
"1"," 0.681983"
"1","    "
"1","
ocupacaoBIOMÉDICO                                                             "
"1"," 0.908498"
"1","    "
"1","
ocupacaoBOMBEIRO MILITAR                                                      "
"1"," 0.788551"
"1","    "
"1","
ocupacaoCABELEIREIRO E BARBEIRO                                               "
"1"," 0.359520"
"1","    "
"1","
ocupacaoCANTOR E COMPOSITOR                                                   "
"1"," 0.024573"
"1"," *  "
"1","
ocupacaoCARPINTEIRO, MARCENEIRO E ASSEMELHADOS                                "
"1"," 0.774611"
"1","    "
"1","
ocupacaoCOBRADOR DE TRANSPORTE COLETIVO                                       "
"1"," 0.644863"
"1","    "
"1","
ocupacaoCOMERCIANTE                                                           "
"1"," 0.632974"
"1","    "
"1","
ocupacaoCOMERCIÁRIO                                                           "
"1"," 0.006955"
"1"," ** "
"1","
ocupacaoCOMUNICÓLOGO                                                          "
"1"," 0.947900"
"1","    "
"1","
ocupacaoCONTADOR                                                              "
"1"," 0.796473"
"1","    "
"1","
ocupacaoCORRETOR DE IMÓVEIS, SEGUROS, TÍTULOS E VALORES                       "
"1"," 0.085212"
"1"," .  "
"1","
ocupacaoCOZINHEIRO                                                            "
"1"," 0.063021"
"1"," .  "
"1","
ocupacaoDEMONSTRADOR                                                          "
"1"," 0.681337"
"1","    "
"1","
ocupacaoDEPUTADO                                                              "
"1"," 1.26e-12"
"1"," ***"
"1","
ocupacaoDESENHISTA                                                            "
"1"," 0.364135"
"1","    "
"1","
ocupacaoDESPACHANTE                                                           "
"1"," 0.273715"
"1","    "
"1","
ocupacaoDIGITADOR                                                             "
"1"," 0.822312"
"1","    "
"1","
ocupacaoDIPLOMATA                                                             "
"1"," 0.850263"
"1","    "
"1","
ocupacaoDIRETOR DE EMPRESAS                                                   "
"1"," 0.526853"
"1","    "
"1","
ocupacaoDIRETOR DE ESTABELECIMENTO DE ENSINO                                  "
"1"," 0.363887"
"1","    "
"1","
ocupacaoDONA DE CASA                                                          "
"1"," 0.524556"
"1","    "
"1","
ocupacaoECONOMISTA                                                            "
"1"," 0.444434"
"1","    "
"1","
ocupacaoELETRICISTA E ASSEMELHADOS                                            "
"1"," 0.205240"
"1","    "
"1","
ocupacaoEMPRESÁRIO                                                            "
"1"," 0.730415"
"1","    "
"1","
ocupacaoENFERMEIRO                                                            "
"1"," 0.130432"
"1","    "
"1","
ocupacaoENGENHEIRO                                                            "
"1"," 0.978517"
"1","    "
"1","
ocupacaoESCRITOR E CRÍTICO                                                    "
"1"," 0.059349"
"1"," .  "
"1","
ocupacaoESCULTOR E PINTOR                                                     "
"1"," 0.365971"
"1","    "
"1","
ocupacaoESTETICISTA                                                           "
"1"," 0.084874"
"1"," .  "
"1","
ocupacaoESTIVADOR, CARREGADOR E ASSEMELHADOS                                  "
"1"," 0.975851"
"1","    "
"1","
ocupacaoESTUDANTE, BOLSISTA, ESTAGIÁRIO E ASSEMELHADOS                        "
"1"," 0.449371"
"1","    "
"1","
ocupacaoFARMACÊUTICO                                                          "
"1"," 0.823899"
"1","    "
"1","
ocupacaoFAXINEIRO                                                             "
"1"," 0.737717"
"1","    "
"1","
ocupacaoFERROVIÁRIO                                                           "
"1"," 0.324314"
"1","    "
"1","
ocupacaoFISCAL                                                                "
"1"," 0.009246"
"1"," ** "
"1","
ocupacaoFISCAL DE TRANSPORTE COLETIVO                                         "
"1"," 0.627052"
"1","    "
"1","
ocupacaoFISIOTERAPEUTA E TERAPEUTA OCUPACIONAL                                "
"1"," 0.659168"
"1","    "
"1","
ocupacaoFONOAUDIÓLOGO                                                         "
"1"," 0.682888"
"1","    "
"1","
ocupacaoFOTÓGRAFO E ASSEMELHADOS                                              "
"1"," 0.308151"
"1","    "
"1","
ocupacaoFRENTISTA                                                             "
"1"," 0.967471"
"1","    "
"1","
ocupacaoGARÇOM                                                                "
"1"," 0.099832"
"1"," .  "
"1","
ocupacaoGARI OU LIXEIRO                                                       "
"1"," 0.176509"
"1","    "
"1","
ocupacaoGEÓGRAFO                                                              "
"1"," 0.710122"
"1","    "
"1","
ocupacaoGEÓLOGO                                                               "
"1"," 0.125178"
"1","    "
"1","
ocupacaoGERENTE                                                               "
"1"," 0.523849"
"1","    "
"1","
ocupacaoGUIA DE TURISMO                                                       "
"1"," 0.986655"
"1","    "
"1","
ocupacaoHISTORIADOR                                                           "
"1"," 0.877106"
"1","    "
"1","
ocupacaoINDUSTRIAL                                                            "
"1"," 0.373462"
"1","    "
"1","
ocupacaoJORNALISTA E REDATOR                                                  "
"1"," 0.954303"
"1","    "
"1","
ocupacaoLEILOEIRO, AVALIADOR E ASSEMELHADOS                                   "
"1"," 0.656573"
"1","    "
"1","
ocupacaoLOCUTOR E COMENTARISTA DE RÁDIO E TELEVISÃO E RADIALISTA              "
"1"," 0.004202"
"1"," ** "
"1","
ocupacaoMARINHEIRO CIVIL, CANOEIRO, EMBARCADO E ASSEMELHADOS                  "
"1"," 0.008962"
"1"," ** "
"1","
ocupacaoMECÂNICO DE MANUTENÇÃO                                                "
"1"," 0.027607"
"1"," *  "
"1","
ocupacaoMÉDICO                                                                "
"1"," 0.000680"
"1"," ***"
"1","
ocupacaoMEMBRO DAS FORÇAS ARMADAS                                             "
"1"," 0.339476"
"1","    "
"1","
ocupacaoMEMBRO DO MINISTÉRIO PÚBLICO                                          "
"1"," 0.634835"
"1","    "
"1","
ocupacaoMILITAR REFORMADO                                                     "
"1"," 0.400199"
"1","    "
"1","
ocupacaoMODELO                                                                "
"1"," 0.000904"
"1"," ***"
"1","
ocupacaoMOTOBOY                                                               "
"1"," 0.792944"
"1","    "
"1","
ocupacaoMOTORISTA DE VEÍCULOS DE TRANSPORTE COLETIVO DE PASSAGEIROS           "
"1"," 0.733502"
"1","    "
"1","
ocupacaoMOTORISTA DE VEÍCULOS DE TRANSPORTE DE CARGA                          "
"1"," 0.347059"
"1","    "
"1","
ocupacaoMOTORISTA PARTICULAR                                                  "
"1"," 0.440278"
"1","    "
"1","
ocupacaoMÚSICO                                                                "
"1"," 0.032135"
"1"," *  "
"1","
ocupacaoOCUPANTE DE CARGO EM COMISSÃO                                         "
"1"," 0.752535"
"1","    "
"1","
ocupacaoODONTÓLOGO                                                            "
"1"," 0.166334"
"1","    "
"1","
ocupacaoOPERADOR DE APARELHOS DE PRODUÇÃO INDUSTRIAL                          "
"1"," 0.046885"
"1"," *  "
"1","
ocupacaoOPERADOR DE EQUIPAMENTO DE RÁDIO, TELEVISÃO, SOM E CINEMA             "
"1"," 0.240991"
"1","    "
"1","
ocupacaoOPERADOR DE INSTALAÇÃO DE PRODUÇÃO DE ENERGIA ELÉTRICA E NUCLEAR      "
"1"," 0.258324"
"1","    "
"1","
ocupacaoOUTROS                                                                "
"1"," 0.111526"
"1","    "
"1","
ocupacaoPADEIRO, CONFEITEIRO E ASSEMELHADOS                                   "
"1"," 0.937222"
"1","    "
"1","
ocupacaoPECUARISTA                                                            "
"1"," 0.394627"
"1","    "
"1","
ocupacaoPEDAGOGO                                                              "
"1"," 0.357473"
"1","    "
"1","
ocupacaoPESCADOR                                                              "
"1"," 0.463519"
"1","    "
"1","
ocupacaoPETROLEIRO                                                            "
"1"," 0.652280"
"1","    "
"1","
ocupacaoPILOTO DE AVIAÇÃO COMERCIAL, NAVEGADOR, MECÂNICO DE VÔO E ASSEMELHADOS"
"1"," 0.609515"
"1","    "
"1","
ocupacaoPOLICIAL CIVIL                                                        "
"1"," 0.340347"
"1","    "
"1","
ocupacaoPOLICIAL MILITAR                                                      "
"1"," 0.114717"
"1","    "
"1","
ocupacaoPORTEIRO DE EDIFÍCIO, ASCENSORISTA, GARAGISTA E ZELADOR               "
"1"," 0.003944"
"1"," ** "
"1","
ocupacaoPREFEITO                                                              "
"1"," 0.524177"
"1","    "
"1","
ocupacaoPRODUTOR AGROPECUÁRIO                                                 "
"1"," 0.949672"
"1","    "
"1","
ocupacaoPRODUTOR DE ESPETÁCULOS PÚBLICOS                                      "
"1"," 0.093495"
"1"," .  "
"1","
ocupacaoPROFESSOR DE ENSINO FUNDAMENTAL                                       "
"1"," 0.798026"
"1","    "
"1","
ocupacaoPROFESSOR DE ENSINO MÉDIO                                             "
"1"," 0.151466"
"1","    "
"1","
ocupacaoPROFESSOR DE ENSINO SUPERIOR                                          "
"1"," 0.108741"
"1","    "
"1","
ocupacaoPROFESSOR E INSTRUTOR DE FORMAÇÃO PROFISSIONAL                        "
"1"," 0.765775"
"1","    "
"1","
ocupacaoPSICÓLOGO                                                             "
"1"," 0.570917"
"1","    "
"1","
ocupacaoPUBLICITÁRIO                                                          "
"1"," 0.437769"
"1","    "
"1","
ocupacaoQUÍMICO                                                               "
"1"," 0.068763"
"1"," .  "
"1","
ocupacaoRECEPCIONISTA                                                         "
"1"," 0.624586"
"1","    "
"1","
ocupacaoREPRESENTANTE COMERCIAL                                               "
"1"," 0.059609"
"1"," .  "
"1","
ocupacaoSACERDOTE OU MEMBRO DE ORDEM OU SEITA RELIGIOSA                       "
"1"," 0.099828"
"1"," .  "
"1","
ocupacaoSECRETÁRIO E DATILÓGRAFO                                              "
"1"," 0.347771"
"1","    "
"1","
ocupacaoSECURITÁRIO                                                           "
"1"," 0.655092"
"1","    "
"1","
ocupacaoSENADOR                                                               "
"1"," 0.183727"
"1","    "
"1","
ocupacaoSERRALHEIRO                                                           "
"1"," 0.287301"
"1","    "
"1","
ocupacaoSERVENTUÁRIO DE JUSTIÇA                                               "
"1"," 0.031425"
"1"," *  "
"1","
ocupacaoSERVIDOR DA JUSTIÇA ELEITORAL                                         "
"1"," 0.917181"
"1","    "
"1","
ocupacaoSERVIDOR PÚBLICO CIVIL APOSENTADO                                     "
"1"," 0.087140"
"1"," .  "
"1","
ocupacaoSERVIDOR PÚBLICO ESTADUAL                                             "
"1"," 0.951976"
"1","    "
"1","
ocupacaoSERVIDOR PÚBLICO FEDERAL                                              "
"1"," 0.260963"
"1","    "
"1","
ocupacaoSERVIDOR PÚBLICO MUNICIPAL                                            "
"1"," 0.404211"
"1","    "
"1","
ocupacaoSOCIÓLOGO                                                             "
"1"," 0.607861"
"1","    "
"1","
ocupacaoSUPERVISOR, INSPETOR E AGENTE DE COMPRAS E VENDAS                     "
"1"," 0.932025"
"1","    "
"1","
ocupacaoTAQUÍGRAFO E ESTENÓGRAFO                                              "
"1"," 0.006248"
"1"," ** "
"1","
ocupacaoTAXISTA                                                               "
"1"," 0.178118"
"1","    "
"1","
ocupacaoTÉCNICO CONTABILIDADE, ESTATÍSTICA, ECONOMIA DOMÉSTICA E ADMINISTRAÇÃO"
"1"," 0.229103"
"1","    "
"1","
ocupacaoTÉCNICO DE ELETRICIDADE, ELETRÔNICA E TELECOMUNICAÇÕES                "
"1"," 0.273255"
"1","    "
"1","
ocupacaoTÉCNICO DE ENFERMAGEM E ASSEMELHADOS (EXCETO ENFERMEIRO)              "
"1"," 0.717391"
"1","    "
"1","
ocupacaoTÉCNICO DE LABORATÓRIO E RAIOS X                                      "
"1"," 0.810469"
"1","    "
"1","
ocupacaoTÉCNICO DE MECÂNICA                                                   "
"1"," 0.737532"
"1","    "
"1","
ocupacaoTÉCNICO DE OBRAS CIVIS, ESTRADAS, SANEAMENTO E ASSEMELHADOS           "
"1"," 0.442126"
"1","    "
"1","
ocupacaoTÉCNICO EM AGRONOMIA E AGRIMENSURA                                    "
"1"," 0.092155"
"1"," .  "
"1","
ocupacaoTÉCNICO EM INFORMÁTICA                                                "
"1"," 0.190764"
"1","    "
"1","
"
"1"," [ reached getOption(""max.print"") -- omitted 17 rows ]
"
"1","---
Signif. codes:  "
"1","0 ‘***’ 0.001 ‘**’ 0.01 ‘*’ 0.05 ‘.’ 0.1 ‘ ’ 1"
"1","
"
"1","
Residual standard error:"
"1"," "
"1","1.006"
"1"," "
"1","on"
"1"," "
"1","3823"
"1"," "
"1","degrees of freedom"
"1","
"
"1","Multiple R-squared: "
"1"," "
"1","0.7692"
"1",",	Adjusted R-squared: "
"1"," "
"1","0.7561"
"1"," "
"1","
F-statistic:"
"1"," "
"1","58.98"
"1"," "
"1","on"
"1"," "
"1","216"
"1"," "
"1","and"
"1"," "
"1","3823"
"1"," "
"1","DF,  p-value:"
"1"," "
"1","< 2.2e-16"
"1","
"
"1","
"
