"0","eleicoes2006 = select(eleicoes2006, -cargo, -ano, -sequencial_candidato, -nome)"
"0","e2006lm = lm(votos ~ . , data = eleicoes2006)"
"0","print(summary(e2006lm))"
"1","
Call:
"
"1","lm(formula = votos ~ ., data = eleicoes2006)"
"1","

"
"1","Residuals:
"
"1","    Min "
"1","     1Q "
"1"," Median "
"1","     3Q "
"1","    Max "
"1","
"
"1","-5.7894 "
"1","-0.5961 "
"1"," 0.0238 "
"1"," 0.6253 "
"1"," 5.3502 "
"1","
"
"1","
Coefficients: ("
"1","1"
"1"," not defined because of singularities)
"
"1","                                                                              "
"1","   Estimate"
"1","
(Intercept)                                                                   "
"1","  5.316e+00"
"1","
ufAL                                                                          "
"1","  7.515e-01"
"1","
ufAM                                                                          "
"1","  5.307e-01"
"1","
ufAP                                                                          "
"1"," -1.718e-01"
"1","
ufBA                                                                          "
"1","  9.167e-01"
"1","
ufCE                                                                          "
"1","  1.061e+00"
"1","
ufDF                                                                          "
"1"," -2.771e-01"
"1","
ufES                                                                          "
"1","  7.906e-01"
"1","
ufGO                                                                          "
"1","  5.350e-01"
"1","
ufMA                                                                          "
"1","  1.132e+00"
"1","
ufMG                                                                          "
"1","  6.316e-01"
"1","
ufMS                                                                          "
"1","  1.700e-01"
"1","
ufMT                                                                          "
"1","  1.712e-01"
"1","
ufPA                                                                          "
"1","  9.400e-01"
"1","
ufPB                                                                          "
"1","  8.613e-01"
"1","
ufPE                                                                          "
"1","  8.269e-01"
"1","
ufPI                                                                          "
"1","  6.136e-01"
"1","
ufPR                                                                          "
"1","  5.637e-01"
"1","
ufRJ                                                                          "
"1","  6.913e-01"
"1","
ufRN                                                                          "
"1","  1.000e+00"
"1","
ufRO                                                                          "
"1","  4.655e-01"
"1","
ufRR                                                                          "
"1"," -4.056e-01"
"1","
ufRS                                                                          "
"1","  4.466e-01"
"1","
ufSC                                                                          "
"1","  5.518e-01"
"1","
ufSE                                                                          "
"1","  1.103e+00"
"1","
ufSP                                                                          "
"1","  2.988e-01"
"1","
ufTO                                                                          "
"1"," -1.094e-01"
"1","
partidoPC do B                                                                "
"1","  4.706e-02"
"1","
partidoPCB                                                                    "
"1"," -9.248e-02"
"1","
partidoPCO                                                                    "
"1"," -7.341e-01"
"1","
partidoPDT                                                                    "
"1","  2.984e-01"
"1","
partidoPFL                                                                    "
"1","  4.979e-01"
"1","
partidoPHS                                                                    "
"1"," -2.553e-01"
"1","
partidoPL                                                                     "
"1"," -1.287e-02"
"1","
partidoPMDB                                                                   "
"1","  4.327e-01"
"1","
partidoPMN                                                                    "
"1","  4.611e-02"
"1","
partidoPP                                                                     "
"1","  3.741e-01"
"1","
partidoPPS                                                                    "
"1","  3.675e-02"
"1","
partidoPRB                                                                    "
"1","  7.640e-02"
"1","
partidoPRONA                                                                  "
"1","  1.468e-01"
"1","
partidoPRP                                                                    "
"1"," -1.430e-01"
"1","
partidoPRTB                                                                   "
"1"," -2.917e-01"
"1","
partidoPSB                                                                    "
"1"," -8.120e-03"
"1","
partidoPSC                                                                    "
"1","  3.953e-01"
"1","
partidoPSDB                                                                   "
"1","  3.596e-01"
"1","
partidoPSDC                                                                   "
"1"," -2.523e-01"
"1","
partidoPSL                                                                    "
"1"," -9.855e-02"
"1","
partidoPSOL                                                                   "
"1"," -8.061e-02"
"1","
partidoPSTU                                                                   "
"1","  2.154e-01"
"1","
partidoPT                                                                     "
"1","  3.940e-01"
"1","
partidoPT do B                                                                "
"1","  4.625e-03"
"1","
partidoPTB                                                                    "
"1","  3.256e-01"
"1","
partidoPTC                                                                    "
"1","  7.458e-02"
"1","
partidoPTN                                                                    "
"1"," -2.580e-01"
"1","
partidoPV                                                                     "
"1"," -3.368e-03"
"1","
quantidade_doacoes                                                            "
"1"," -1.737e-01"
"1","
quantidade_doadores                                                           "
"1","  6.207e-01"
"1","
total_receita                                                                 "
"1"," -8.861e-07"
"1","
media_receita                                                                 "
"1","  2.480e-05"
"1","
recursos_de_outros_candidatos.comites                                         "
"1","  4.549e-08"
"1","
recursos_de_pessoas_fisicas                                                   "
"1","  1.985e-06"
"1","
recursos_de_pessoas_juridicas                                                 "
"1","  1.377e-07"
"1","
recursos_proprios                                                             "
"1"," -2.651e-07"
"1","
recursos_de_partido_politico                                                  "
"1","         NA"
"1","
quantidade_despesas                                                           "
"1"," -4.514e-02"
"1","
quantidade_fornecedores                                                       "
"1","  4.199e-01"
"1","
total_despesa                                                                 "
"1","  8.543e-07"
"1","
media_despesa                                                                 "
"1","  1.313e-04"
"1","
sexoMASCULINO                                                                 "
"1","  2.253e-01"
"1","
grauENSINO FUNDAMENTAL INCOMPLETO                                             "
"1"," -3.853e-02"
"1","
grauENSINO MÉDIO COMPLETO                                                     "
"1","  1.120e-01"
"1","
grauENSINO MÉDIO INCOMPLETO                                                   "
"1"," -3.424e-02"
"1","
grauLÊ E ESCREVE                                                              "
"1","  7.672e-01"
"1","
grauSUPERIOR COMPLETO                                                         "
"1","  9.375e-02"
"1","
grauSUPERIOR INCOMPLETO                                                       "
"1","  1.522e-01"
"1","
estado_civilDIVORCIADO(A)                                                     "
"1"," -1.026e-01"
"1","
estado_civilSEPARADO(A) JUDICIALMENTE                                         "
"1"," -1.623e-01"
"1","
estado_civilSOLTEIRO(A)                                                       "
"1"," -1.547e-01"
"1","
estado_civilVIÚVO(A)                                                          "
"1","  1.422e-01"
"1","
ocupacaoADVOGADO                                                              "
"1"," -2.835e-01"
"1","
ocupacaoAGENCIADOR DE PROPAGANDA                                              "
"1"," -6.494e-01"
"1","
ocupacaoAGENTE ADMINISTRATIVO                                                 "
"1"," -6.014e-01"
"1","
ocupacaoAGENTE DE SAÚDE E SANITARISTA                                         "
"1"," -2.390e-01"
"1","
ocupacaoAGENTE DE VIAGEM                                                      "
"1"," -2.107e-01"
"1","
ocupacaoAGENTE POSTAL                                                         "
"1","  5.279e-01"
"1","
ocupacaoAGRICULTOR                                                            "
"1","  3.331e-02"
"1","
ocupacaoAGRÔNOMO                                                              "
"1","  4.040e-01"
"1","
ocupacaoALFAIATE E COSTUREIRO                                                 "
"1"," -5.026e-01"
"1","
ocupacaoALMOXARIFE                                                            "
"1"," -1.771e+00"
"1","
ocupacaoANALISTA DE SISTEMAS                                                  "
"1"," -8.189e-01"
"1","
ocupacaoAPOSENTADO (EXCETO SERVIDOR PÚBLICO)                                  "
"1"," -5.406e-01"
"1","
ocupacaoARQUITETO                                                             "
"1"," -6.551e-03"
"1","
ocupacaoARTESÃO                                                               "
"1"," -7.873e-01"
"1","
ocupacaoARTISTA DE CIRCO                                                      "
"1","  8.710e-01"
"1","
ocupacaoARTISTA PLÁSTICO E ASSEMELHADOS                                       "
"1","  5.762e-01"
"1","
ocupacaoASSISTENTE SOCIAL                                                     "
"1"," -3.487e-01"
"1","
ocupacaoATLETA PROFISSIONAL E TÉCNICO EM DESPORTOS                            "
"1","  9.383e-02"
"1","
ocupacaoATOR E DIRETOR DE ESPETÁCULOS PÚBLICOS                                "
"1"," -1.639e-01"
"1","
ocupacaoAUXILIAR DE ESCRITÓRIO E ASSEMELHADOS                                 "
"1"," -2.511e-01"
"1","
ocupacaoAUXILIAR DE LABORATÓRIO                                               "
"1","  5.503e-01"
"1","
ocupacaoBANCÁRIO E ECONOMIÁRIO                                                "
"1"," -5.612e-01"
"1","
ocupacaoBIBLIOTECÁRIO                                                         "
"1","  4.049e-01"
"1","
ocupacaoBIÓLOGO                                                               "
"1"," -8.989e-01"
"1","
ocupacaoBIOMÉDICO                                                             "
"1"," -5.040e-01"
"1","
ocupacaoBOMBEIRO MILITAR                                                      "
"1"," -2.097e-01"
"1","
ocupacaoCABELEIREIRO E BARBEIRO                                               "
"1","  1.135e-01"
"1","
ocupacaoCANTOR E COMPOSITOR                                                   "
"1","  7.614e-01"
"1","
ocupacaoCAPITALISTA DE ATIVOS FINANCEIROS                                     "
"1"," -2.261e+00"
"1","
ocupacaoCARPINTEIRO, MARCENEIRO E ASSEMELHADOS                                "
"1"," -2.889e-01"
"1","
ocupacaoCIENTISTA POLÍTICO                                                    "
"1"," -4.402e-01"
"1","
ocupacaoCOMERCIANTE                                                           "
"1"," -1.061e-01"
"1","
ocupacaoCOMERCIÁRIO                                                           "
"1"," -5.886e-01"
"1","
ocupacaoCONTADOR                                                              "
"1"," -3.120e-01"
"1","
ocupacaoCORRETOR DE IMÓVEIS, SEGUROS, TÍTULOS E VALORES                       "
"1"," -7.625e-01"
"1","
ocupacaoCOZINHEIRO                                                            "
"1"," -5.896e-01"
"1","
ocupacaoDEPUTADO                                                              "
"1","  5.010e-01"
"1","
ocupacaoDESENHISTA                                                            "
"1"," -4.944e-01"
"1","
ocupacaoDESPACHANTE                                                           "
"1"," -1.525e-01"
"1","
ocupacaoDETETIVE PARTICULAR                                                   "
"1"," -6.179e-01"
"1","
ocupacaoDIGITADOR                                                             "
"1"," -1.270e+00"
"1","
ocupacaoDIPLOMATA                                                             "
"1"," -1.068e+00"
"1","
ocupacaoDIRETOR DE EMPRESAS                                                   "
"1"," -2.746e-01"
"1","
ocupacaoDIRETOR DE ESTABELECIMENTO DE ENSINO                                  "
"1","  2.058e-01"
"1","
ocupacaoDONA DE CASA                                                          "
"1"," -6.103e-01"
"1","
ocupacaoECONOMISTA                                                            "
"1"," -3.442e-01"
"1","
ocupacaoELETRICISTA E ASSEMELHADOS                                            "
"1"," -9.200e-01"
"1","
ocupacaoEMPRESÁRIO                                                            "
"1"," -1.692e-01"
"1","
ocupacaoENCANADOR, SOLDADOR, CHAPEADOR E CALDEIREIRO                          "
"1"," -9.960e-01"
"1","
ocupacaoENFERMEIRO                                                            "
"1","  3.531e-01"
"1","
ocupacaoENGENHEIRO                                                            "
"1"," -6.222e-03"
"1","
ocupacaoESCRITOR E CRÍTICO                                                    "
"1"," -1.079e+00"
"1","
ocupacaoESTUDANTE, BOLSISTA, ESTAGIÁRIO E ASSEMELHADOS                        "
"1"," -9.782e-02"
"1","
ocupacaoFARMACÊUTICO                                                          "
"1"," -7.003e-02"
"1","
ocupacaoFEIRANTE, AMBULANTE E MASCATE                                         "
"1","  3.654e-01"
"1","
ocupacaoFERROVIÁRIO                                                           "
"1","  4.043e-01"
"1","
ocupacaoFIANDEIRO, TECELÃO, TINGIDOR E ASSEMELHADOS                           "
"1","  1.096e-01"
"1","
ocupacaoFISCAL                                                                "
"1"," -1.124e+00"
"1","
ocupacaoFÍSICO                                                                "
"1"," -9.258e-01"
"1","
ocupacaoFISIOTERAPEUTA E TERAPEUTA OCUPACIONAL                                "
"1","  2.601e-01"
"1","
ocupacaoFOTÓGRAFO E ASSEMELHADOS                                              "
"1"," -2.214e+00"
"1","
ocupacaoGARÇOM                                                                "
"1"," -5.032e-02"
"1","
ocupacaoGEÓGRAFO                                                              "
"1"," -3.031e-01"
"1","
ocupacaoGEÓLOGO                                                               "
"1"," -4.517e-01"
"1","
ocupacaoGERENTE                                                               "
"1"," -4.875e-01"
"1","
ocupacaoHISTORIADOR                                                           "
"1"," -4.177e-01"
"1","
ocupacaoINDUSTRIAL                                                            "
"1"," -3.356e-01"
"1","
ocupacaoJORNALISTA E REDATOR                                                  "
"1"," -3.060e-01"
"1","
ocupacaoLEILOEIRO, AVALIADOR E ASSEMELHADOS                                   "
"1"," -2.014e+00"
"1","
ocupacaoLOCUTOR E COMENTARISTA DE RÁDIO E TELEVISÃO E RADIALISTA              "
"1","  1.308e-01"
"1","
ocupacaoMANICURE E MAQUILADOR                                                 "
"1"," -1.668e+00"
"1","
ocupacaoMECÂNICO DE MANUTENÇÃO                                                "
"1"," -4.501e-02"
"1","
ocupacaoMÉDICO                                                                "
"1","  3.446e-01"
"1","
ocupacaoMEMBRO DAS FORÇAS ARMADAS                                             "
"1"," -1.711e-01"
"1","
ocupacaoMESTRE E CONTRAMESTRE DE EMBARCAÇÃO                                   "
"1"," -3.232e-02"
"1","
ocupacaoMILITAR REFORMADO                                                     "
"1"," -3.528e-01"
"1","
ocupacaoMOTORISTA DE VEÍCULOS DE TRANSPORTE COLETIVO DE PASSAGEIROS           "
"1"," -2.531e-01"
"1","
ocupacaoMOTORISTA DE VEÍCULOS DE TRANSPORTE DE CARGA                          "
"1"," -2.638e-01"
"1","
ocupacaoMOTORISTA PARTICULAR                                                  "
"1"," -5.486e-01"
"1","
ocupacaoMÚSICO                                                                "
"1","  8.638e-01"
"1","
ocupacaoOCUPANTE DE CARGO EM COMISSÃO                                         "
"1"," -2.962e-01"
"1","
ocupacaoODONTÓLOGO                                                            "
"1"," -1.421e-01"
"1","
ocupacaoOPERADOR DE APARELHOS DE PRODUÇÃO INDUSTRIAL                          "
"1"," -4.039e-01"
"1","
ocupacaoOPERADOR DE COMPUTADOR                                                "
"1"," -2.282e+00"
"1","
ocupacaoOPERADOR DE EQUIPAMENTO DE RÁDIO, TELEVISÃO, SOM E CINEMA             "
"1"," -2.069e-03"
"1","
ocupacaoOPERADOR DE INSTALAÇÃO DE PRODUÇÃO DE ENERGIA ELÉTRICA E NUCLEAR      "
"1"," -1.216e+00"
"1","
ocupacaoOUTROS                                                                "
"1"," -2.819e-01"
"1","
ocupacaoPADEIRO, CONFEITEIRO E ASSEMELHADOS                                   "
"1"," -9.208e-01"
"1","
ocupacaoPECUARISTA                                                            "
"1"," -4.858e-01"
"1","
ocupacaoPEDAGOGO                                                              "
"1"," -4.987e-01"
"1","
ocupacaoPESCADOR                                                              "
"1","  4.948e-01"
"1","
ocupacaoPETROLEIRO                                                            "
"1","  1.922e-01"
"1","
ocupacaoPILOTO DE AVIAÇÃO COMERCIAL, NAVEGADOR, MECÂNICO DE VÔO E ASSEMELHADOS"
"1"," -1.477e+00"
"1","
ocupacaoPOLICIAL CIVIL                                                        "
"1"," -7.429e-02"
"1","
ocupacaoPOLICIAL MILITAR                                                      "
"1"," -1.463e-01"
"1","
ocupacaoPORTEIRO DE EDIFÍCIO, ASCENSORISTA, GARAGISTA E ZELADOR               "
"1"," -1.180e+00"
"1","
ocupacaoPRODUTOR AGROPECUÁRIO                                                 "
"1"," -3.464e-01"
"1","
ocupacaoPRODUTOR DE ESPETÁCULOS PÚBLICOS                                      "
"1","  2.600e-01"
"1","
ocupacaoPROFESSOR DE ENSINO FUNDAMENTAL                                       "
"1"," -4.722e-01"
"1","
ocupacaoPROFESSOR DE ENSINO MÉDIO                                             "
"1"," -2.548e-01"
"1","
ocupacaoPROFESSOR DE ENSINO SUPERIOR                                          "
"1"," -3.642e-01"
"1","
ocupacaoPROFESSOR E INSTRUTOR DE FORMAÇÃO PROFISSIONAL                        "
"1"," -2.951e-01"
"1","
ocupacaoPROGRAMADOR DE COMPUTADOR                                             "
"1"," -3.818e-01"
"1","
ocupacaoPROTÉTICO                                                             "
"1"," -5.014e-01"
"1","
ocupacaoPSICÓLOGO                                                             "
"1"," -4.554e-01"
"1","
ocupacaoPUBLICITÁRIO                                                          "
"1"," -6.655e-01"
"1","
ocupacaoQUÍMICO                                                               "
"1"," -1.126e-02"
"1","
ocupacaoREPRESENTANTE COMERCIAL                                               "
"1"," -4.555e-01"
"1","
ocupacaoSACERDOTE OU MEMBRO DE ORDEM OU SEITA RELIGIOSA                       "
"1","  2.227e-01"
"1","
ocupacaoSECRETÁRIO E DATILÓGRAFO                                              "
"1"," -3.014e-01"
"1","
ocupacaoSENADOR                                                               "
"1","  8.712e-01"
"1","
ocupacaoSERVENTUÁRIO DE JUSTIÇA                                               "
"1"," -8.089e-01"
"1","
ocupacaoSERVIDOR PÚBLICO CIVIL APOSENTADO                                     "
"1"," -4.935e-01"
"1","
ocupacaoSERVIDOR PÚBLICO ESTADUAL                                             "
"1"," -3.640e-01"
"1","
ocupacaoSERVIDOR PÚBLICO FEDERAL                                              "
"1"," -5.260e-01"
"1","
ocupacaoSERVIDOR PÚBLICO MUNICIPAL                                            "
"1"," -4.342e-01"
"1","
ocupacaoSOCIÓLOGO                                                             "
"1"," -2.555e-01"
"1","
ocupacaoSUPERVISOR, INSPETOR E AGENTE DE COMPRAS E VENDAS                     "
"1"," -1.700e+00"
"1","
ocupacaoTABELIÃO                                                              "
"1","  3.348e-01"
"1","
ocupacaoTAQUÍGRAFO E ESTENÓGRAFO                                              "
"1","  7.312e-01"
"1","
ocupacaoTAXISTA                                                               "
"1"," -2.897e-01"
"1","
"
"1","                                                                              "
"1"," Std. Error"
"1"," t value"
"1","
(Intercept)                                                                   "
"1","  2.731e-01"
"1","  19.468"
"1","
ufAL                                                                          "
"1","  2.166e-01"
"1","   3.469"
"1","
ufAM                                                                          "
"1","  2.211e-01"
"1","   2.400"
"1","
ufAP                                                                          "
"1","  2.202e-01"
"1","  -0.780"
"1","
ufBA                                                                          "
"1","  1.901e-01"
"1","   4.822"
"1","
ufCE                                                                          "
"1","  2.010e-01"
"1","   5.279"
"1","
ufDF                                                                          "
"1","  2.051e-01"
"1","  -1.351"
"1","
ufES                                                                          "
"1","  2.096e-01"
"1","   3.771"
"1","
ufGO                                                                          "
"1","  2.028e-01"
"1","   2.638"
"1","
ufMA                                                                          "
"1","  2.100e-01"
"1","   5.389"
"1","
ufMG                                                                          "
"1","  1.784e-01"
"1","   3.540"
"1","
ufMS                                                                          "
"1","  2.154e-01"
"1","   0.789"
"1","
ufMT                                                                          "
"1","  2.276e-01"
"1","   0.753"
"1","
ufPA                                                                          "
"1","  1.977e-01"
"1","   4.755"
"1","
ufPB                                                                          "
"1","  2.144e-01"
"1","   4.017"
"1","
ufPE                                                                          "
"1","  1.979e-01"
"1","   4.179"
"1","
ufPI                                                                          "
"1","  2.184e-01"
"1","   2.810"
"1","
ufPR                                                                          "
"1","  1.858e-01"
"1","   3.035"
"1","
ufRJ                                                                          "
"1","  1.770e-01"
"1","   3.906"
"1","
ufRN                                                                          "
"1","  2.474e-01"
"1","   4.043"
"1","
ufRO                                                                          "
"1","  2.146e-01"
"1","   2.169"
"1","
ufRR                                                                          "
"1","  2.163e-01"
"1","  -1.875"
"1","
ufRS                                                                          "
"1","  1.821e-01"
"1","   2.452"
"1","
ufSC                                                                          "
"1","  1.956e-01"
"1","   2.821"
"1","
ufSE                                                                          "
"1","  2.460e-01"
"1","   4.486"
"1","
ufSP                                                                          "
"1","  1.749e-01"
"1","   1.709"
"1","
ufTO                                                                          "
"1","  2.147e-01"
"1","  -0.509"
"1","
partidoPC do B                                                                "
"1","  1.929e-01"
"1","   0.244"
"1","
partidoPCB                                                                    "
"1","  5.870e-01"
"1","  -0.158"
"1","
partidoPCO                                                                    "
"1","  4.320e-01"
"1","  -1.699"
"1","
partidoPDT                                                                    "
"1","  1.497e-01"
"1","   1.993"
"1","
partidoPFL                                                                    "
"1","  1.580e-01"
"1","   3.151"
"1","
partidoPHS                                                                    "
"1","  1.734e-01"
"1","  -1.472"
"1","
partidoPL                                                                     "
"1","  1.599e-01"
"1","  -0.081"
"1","
partidoPMDB                                                                   "
"1","  1.526e-01"
"1","   2.836"
"1","
partidoPMN                                                                    "
"1","  1.700e-01"
"1","   0.271"
"1","
partidoPP                                                                     "
"1","  1.611e-01"
"1","   2.322"
"1","
partidoPPS                                                                    "
"1","  1.547e-01"
"1","   0.238"
"1","
partidoPRB                                                                    "
"1","  3.049e-01"
"1","   0.251"
"1","
partidoPRONA                                                                  "
"1","  1.786e-01"
"1","   0.822"
"1","
partidoPRP                                                                    "
"1","  2.085e-01"
"1","  -0.686"
"1","
partidoPRTB                                                                   "
"1","  2.093e-01"
"1","  -1.394"
"1","
partidoPSB                                                                    "
"1","  1.519e-01"
"1","  -0.053"
"1","
partidoPSC                                                                    "
"1","  1.662e-01"
"1","   2.378"
"1","
partidoPSDB                                                                   "
"1","  1.535e-01"
"1","   2.343"
"1","
partidoPSDC                                                                   "
"1","  1.870e-01"
"1","  -1.349"
"1","
partidoPSL                                                                    "
"1","  2.070e-01"
"1","  -0.476"
"1","
partidoPSOL                                                                   "
"1","  1.657e-01"
"1","  -0.486"
"1","
partidoPSTU                                                                   "
"1","  2.809e-01"
"1","   0.767"
"1","
partidoPT                                                                     "
"1","  1.527e-01"
"1","   2.580"
"1","
partidoPT do B                                                                "
"1","  2.109e-01"
"1","   0.022"
"1","
partidoPTB                                                                    "
"1","  1.585e-01"
"1","   2.054"
"1","
partidoPTC                                                                    "
"1","  1.914e-01"
"1","   0.390"
"1","
partidoPTN                                                                    "
"1","  2.357e-01"
"1","  -1.095"
"1","
partidoPV                                                                     "
"1","  1.537e-01"
"1","  -0.022"
"1","
quantidade_doacoes                                                            "
"1","  1.376e-01"
"1","  -1.262"
"1","
quantidade_doadores                                                           "
"1","  1.351e-01"
"1","   4.594"
"1","
total_receita                                                                 "
"1","  6.918e-07"
"1","  -1.281"
"1","
media_receita                                                                 "
"1","  3.548e-06"
"1","   6.988"
"1","
recursos_de_outros_candidatos.comites                                         "
"1","  7.433e-07"
"1","   0.061"
"1","
recursos_de_pessoas_fisicas                                                   "
"1","  6.873e-07"
"1","   2.888"
"1","
recursos_de_pessoas_juridicas                                                 "
"1","  5.698e-07"
"1","   0.242"
"1","
recursos_proprios                                                             "
"1","  5.783e-07"
"1","  -0.458"
"1","
recursos_de_partido_politico                                                  "
"1","         NA"
"1","      NA"
"1","
quantidade_despesas                                                           "
"1","  1.203e-01"
"1","  -0.375"
"1","
quantidade_fornecedores                                                       "
"1","  1.193e-01"
"1","   3.519"
"1","
total_despesa                                                                 "
"1","  4.050e-07"
"1","   2.110"
"1","
media_despesa                                                                 "
"1","  1.388e-05"
"1","   9.459"
"1","
sexoMASCULINO                                                                 "
"1","  5.633e-02"
"1","   3.999"
"1","
grauENSINO FUNDAMENTAL INCOMPLETO                                             "
"1","  1.320e-01"
"1","  -0.292"
"1","
grauENSINO MÉDIO COMPLETO                                                     "
"1","  8.366e-02"
"1","   1.338"
"1","
grauENSINO MÉDIO INCOMPLETO                                                   "
"1","  1.329e-01"
"1","  -0.258"
"1","
grauLÊ E ESCREVE                                                              "
"1","  4.161e-01"
"1","   1.844"
"1","
grauSUPERIOR COMPLETO                                                         "
"1","  8.425e-02"
"1","   1.113"
"1","
grauSUPERIOR INCOMPLETO                                                       "
"1","  9.245e-02"
"1","   1.646"
"1","
estado_civilDIVORCIADO(A)                                                     "
"1","  5.928e-02"
"1","  -1.730"
"1","
estado_civilSEPARADO(A) JUDICIALMENTE                                         "
"1","  8.057e-02"
"1","  -2.014"
"1","
estado_civilSOLTEIRO(A)                                                       "
"1","  4.784e-02"
"1","  -3.233"
"1","
estado_civilVIÚVO(A)                                                          "
"1","  1.424e-01"
"1","   0.999"
"1","
ocupacaoADVOGADO                                                              "
"1","  1.364e-01"
"1","  -2.079"
"1","
ocupacaoAGENCIADOR DE PROPAGANDA                                              "
"1","  9.927e-01"
"1","  -0.654"
"1","
ocupacaoAGENTE ADMINISTRATIVO                                                 "
"1","  4.594e-01"
"1","  -1.309"
"1","
ocupacaoAGENTE DE SAÚDE E SANITARISTA                                         "
"1","  1.008e+00"
"1","  -0.237"
"1","
ocupacaoAGENTE DE VIAGEM                                                      "
"1","  5.847e-01"
"1","  -0.360"
"1","
ocupacaoAGENTE POSTAL                                                         "
"1","  9.899e-01"
"1","   0.533"
"1","
ocupacaoAGRICULTOR                                                            "
"1","  2.488e-01"
"1","   0.134"
"1","
ocupacaoAGRÔNOMO                                                              "
"1","  3.725e-01"
"1","   1.085"
"1","
ocupacaoALFAIATE E COSTUREIRO                                                 "
"1","  9.975e-01"
"1","  -0.504"
"1","
ocupacaoALMOXARIFE                                                            "
"1","  9.893e-01"
"1","  -1.790"
"1","
ocupacaoANALISTA DE SISTEMAS                                                  "
"1","  3.968e-01"
"1","  -2.064"
"1","
ocupacaoAPOSENTADO (EXCETO SERVIDOR PÚBLICO)                                  "
"1","  1.786e-01"
"1","  -3.027"
"1","
ocupacaoARQUITETO                                                             "
"1","  3.112e-01"
"1","  -0.021"
"1","
ocupacaoARTESÃO                                                               "
"1","  4.626e-01"
"1","  -1.702"
"1","
ocupacaoARTISTA DE CIRCO                                                      "
"1","  7.143e-01"
"1","   1.219"
"1","
ocupacaoARTISTA PLÁSTICO E ASSEMELHADOS                                       "
"1","  7.104e-01"
"1","   0.811"
"1","
ocupacaoASSISTENTE SOCIAL                                                     "
"1","  3.732e-01"
"1","  -0.934"
"1","
ocupacaoATLETA PROFISSIONAL E TÉCNICO EM DESPORTOS                            "
"1","  5.147e-01"
"1","   0.182"
"1","
ocupacaoATOR E DIRETOR DE ESPETÁCULOS PÚBLICOS                                "
"1","  4.229e-01"
"1","  -0.388"
"1","
ocupacaoAUXILIAR DE ESCRITÓRIO E ASSEMELHADOS                                 "
"1","  4.673e-01"
"1","  -0.537"
"1","
ocupacaoAUXILIAR DE LABORATÓRIO                                               "
"1","  7.152e-01"
"1","   0.769"
"1","
ocupacaoBANCÁRIO E ECONOMIÁRIO                                                "
"1","  2.155e-01"
"1","  -2.604"
"1","
ocupacaoBIBLIOTECÁRIO                                                         "
"1","  9.971e-01"
"1","   0.406"
"1","
ocupacaoBIÓLOGO                                                               "
"1","  5.099e-01"
"1","  -1.763"
"1","
ocupacaoBIOMÉDICO                                                             "
"1","  7.088e-01"
"1","  -0.711"
"1","
ocupacaoBOMBEIRO MILITAR                                                      "
"1","  3.561e-01"
"1","  -0.589"
"1","
ocupacaoCABELEIREIRO E BARBEIRO                                               "
"1","  4.611e-01"
"1","   0.246"
"1","
ocupacaoCANTOR E COMPOSITOR                                                   "
"1","  3.718e-01"
"1","   2.048"
"1","
ocupacaoCAPITALISTA DE ATIVOS FINANCEIROS                                     "
"1","  9.997e-01"
"1","  -2.261"
"1","
ocupacaoCARPINTEIRO, MARCENEIRO E ASSEMELHADOS                                "
"1","  7.099e-01"
"1","  -0.407"
"1","
ocupacaoCIENTISTA POLÍTICO                                                    "
"1","  9.961e-01"
"1","  -0.442"
"1","
ocupacaoCOMERCIANTE                                                           "
"1","  1.522e-01"
"1","  -0.697"
"1","
ocupacaoCOMERCIÁRIO                                                           "
"1","  3.149e-01"
"1","  -1.869"
"1","
ocupacaoCONTADOR                                                              "
"1","  2.281e-01"
"1","  -1.368"
"1","
ocupacaoCORRETOR DE IMÓVEIS, SEGUROS, TÍTULOS E VALORES                       "
"1","  2.438e-01"
"1","  -3.127"
"1","
ocupacaoCOZINHEIRO                                                            "
"1","  1.007e+00"
"1","  -0.586"
"1","
ocupacaoDEPUTADO                                                              "
"1","  1.409e-01"
"1","   3.554"
"1","
ocupacaoDESENHISTA                                                            "
"1","  5.915e-01"
"1","  -0.836"
"1","
ocupacaoDESPACHANTE                                                           "
"1","  4.633e-01"
"1","  -0.329"
"1","
ocupacaoDETETIVE PARTICULAR                                                   "
"1","  7.051e-01"
"1","  -0.876"
"1","
ocupacaoDIGITADOR                                                             "
"1","  1.006e+00"
"1","  -1.263"
"1","
ocupacaoDIPLOMATA                                                             "
"1","  7.081e-01"
"1","  -1.508"
"1","
ocupacaoDIRETOR DE EMPRESAS                                                   "
"1","  4.000e-01"
"1","  -0.687"
"1","
ocupacaoDIRETOR DE ESTABELECIMENTO DE ENSINO                                  "
"1","  5.827e-01"
"1","   0.353"
"1","
ocupacaoDONA DE CASA                                                          "
"1","  3.621e-01"
"1","  -1.685"
"1","
ocupacaoECONOMISTA                                                            "
"1","  1.939e-01"
"1","  -1.775"
"1","
ocupacaoELETRICISTA E ASSEMELHADOS                                            "
"1","  9.899e-01"
"1","  -0.929"
"1","
ocupacaoEMPRESÁRIO                                                            "
"1","  1.416e-01"
"1","  -1.195"
"1","
ocupacaoENCANADOR, SOLDADOR, CHAPEADOR E CALDEIREIRO                          "
"1","  9.976e-01"
"1","  -0.998"
"1","
ocupacaoENFERMEIRO                                                            "
"1","  5.857e-01"
"1","   0.603"
"1","
ocupacaoENGENHEIRO                                                            "
"1","  1.669e-01"
"1","  -0.037"
"1","
ocupacaoESCRITOR E CRÍTICO                                                    "
"1","  4.614e-01"
"1","  -2.339"
"1","
ocupacaoESTUDANTE, BOLSISTA, ESTAGIÁRIO E ASSEMELHADOS                        "
"1","  2.159e-01"
"1","  -0.453"
"1","
ocupacaoFARMACÊUTICO                                                          "
"1","  4.597e-01"
"1","  -0.152"
"1","
ocupacaoFEIRANTE, AMBULANTE E MASCATE                                         "
"1","  5.132e-01"
"1","   0.712"
"1","
ocupacaoFERROVIÁRIO                                                           "
"1","  7.102e-01"
"1","   0.569"
"1","
ocupacaoFIANDEIRO, TECELÃO, TINGIDOR E ASSEMELHADOS                           "
"1","  9.967e-01"
"1","   0.110"
"1","
ocupacaoFISCAL                                                                "
"1","  3.373e-01"
"1","  -3.333"
"1","
ocupacaoFÍSICO                                                                "
"1","  9.895e-01"
"1","  -0.936"
"1","
ocupacaoFISIOTERAPEUTA E TERAPEUTA OCUPACIONAL                                "
"1","  3.941e-01"
"1","   0.660"
"1","
ocupacaoFOTÓGRAFO E ASSEMELHADOS                                              "
"1","  1.018e+00"
"1","  -2.176"
"1","
ocupacaoGARÇOM                                                                "
"1","  9.925e-01"
"1","  -0.051"
"1","
ocupacaoGEÓGRAFO                                                              "
"1","  9.945e-01"
"1","  -0.305"
"1","
ocupacaoGEÓLOGO                                                               "
"1","  5.847e-01"
"1","  -0.773"
"1","
ocupacaoGERENTE                                                               "
"1","  2.622e-01"
"1","  -1.859"
"1","
ocupacaoHISTORIADOR                                                           "
"1","  1.003e+00"
"1","  -0.417"
"1","
ocupacaoINDUSTRIAL                                                            "
"1","  4.245e-01"
"1","  -0.791"
"1","
ocupacaoJORNALISTA E REDATOR                                                  "
"1","  2.251e-01"
"1","  -1.359"
"1","
ocupacaoLEILOEIRO, AVALIADOR E ASSEMELHADOS                                   "
"1","  9.902e-01"
"1","  -2.034"
"1","
ocupacaoLOCUTOR E COMENTARISTA DE RÁDIO E TELEVISÃO E RADIALISTA              "
"1","  2.271e-01"
"1","   0.576"
"1","
ocupacaoMANICURE E MAQUILADOR                                                 "
"1","  9.934e-01"
"1","  -1.679"
"1","
ocupacaoMECÂNICO DE MANUTENÇÃO                                                "
"1","  7.133e-01"
"1","  -0.063"
"1","
ocupacaoMÉDICO                                                                "
"1","  1.471e-01"
"1","   2.343"
"1","
ocupacaoMEMBRO DAS FORÇAS ARMADAS                                             "
"1","  3.236e-01"
"1","  -0.529"
"1","
ocupacaoMESTRE E CONTRAMESTRE DE EMBARCAÇÃO                                   "
"1","  9.968e-01"
"1","  -0.032"
"1","
ocupacaoMILITAR REFORMADO                                                     "
"1","  2.231e-01"
"1","  -1.581"
"1","
ocupacaoMOTORISTA DE VEÍCULOS DE TRANSPORTE COLETIVO DE PASSAGEIROS           "
"1","  3.740e-01"
"1","  -0.677"
"1","
ocupacaoMOTORISTA DE VEÍCULOS DE TRANSPORTE DE CARGA                          "
"1","  4.256e-01"
"1","  -0.620"
"1","
ocupacaoMOTORISTA PARTICULAR                                                  "
"1","  3.963e-01"
"1","  -1.384"
"1","
ocupacaoMÚSICO                                                                "
"1","  4.618e-01"
"1","   1.871"
"1","
ocupacaoOCUPANTE DE CARGO EM COMISSÃO                                         "
"1","  3.570e-01"
"1","  -0.830"
"1","
ocupacaoODONTÓLOGO                                                            "
"1","  2.456e-01"
"1","  -0.579"
"1","
ocupacaoOPERADOR DE APARELHOS DE PRODUÇÃO INDUSTRIAL                          "
"1","  9.963e-01"
"1","  -0.405"
"1","
ocupacaoOPERADOR DE COMPUTADOR                                                "
"1","  9.910e-01"
"1","  -2.302"
"1","
ocupacaoOPERADOR DE EQUIPAMENTO DE RÁDIO, TELEVISÃO, SOM E CINEMA             "
"1","  9.959e-01"
"1","  -0.002"
"1","
ocupacaoOPERADOR DE INSTALAÇÃO DE PRODUÇÃO DE ENERGIA ELÉTRICA E NUCLEAR      "
"1","  9.903e-01"
"1","  -1.227"
"1","
ocupacaoOUTROS                                                                "
"1","  1.393e-01"
"1","  -2.023"
"1","
ocupacaoPADEIRO, CONFEITEIRO E ASSEMELHADOS                                   "
"1","  7.155e-01"
"1","  -1.287"
"1","
ocupacaoPECUARISTA                                                            "
"1","  2.698e-01"
"1","  -1.800"
"1","
ocupacaoPEDAGOGO                                                              "
"1","  3.742e-01"
"1","  -1.333"
"1","
ocupacaoPESCADOR                                                              "
"1","  7.090e-01"
"1","   0.698"
"1","
ocupacaoPETROLEIRO                                                            "
"1","  7.128e-01"
"1","   0.270"
"1","
ocupacaoPILOTO DE AVIAÇÃO COMERCIAL, NAVEGADOR, MECÂNICO DE VÔO E ASSEMELHADOS"
"1","  7.087e-01"
"1","  -2.084"
"1","
ocupacaoPOLICIAL CIVIL                                                        "
"1","  2.595e-01"
"1","  -0.286"
"1","
ocupacaoPOLICIAL MILITAR                                                      "
"1","  1.709e-01"
"1","  -0.856"
"1","
ocupacaoPORTEIRO DE EDIFÍCIO, ASCENSORISTA, GARAGISTA E ZELADOR               "
"1","  9.978e-01"
"1","  -1.183"
"1","
ocupacaoPRODUTOR AGROPECUÁRIO                                                 "
"1","  2.591e-01"
"1","  -1.337"
"1","
ocupacaoPRODUTOR DE ESPETÁCULOS PÚBLICOS                                      "
"1","  1.005e+00"
"1","   0.259"
"1","
ocupacaoPROFESSOR DE ENSINO FUNDAMENTAL                                       "
"1","  2.268e-01"
"1","  -2.082"
"1","
ocupacaoPROFESSOR DE ENSINO MÉDIO                                             "
"1","  1.657e-01"
"1","  -1.538"
"1","
ocupacaoPROFESSOR DE ENSINO SUPERIOR                                          "
"1","  1.714e-01"
"1","  -2.125"
"1","
ocupacaoPROFESSOR E INSTRUTOR DE FORMAÇÃO PROFISSIONAL                        "
"1","  3.365e-01"
"1","  -0.877"
"1","
ocupacaoPROGRAMADOR DE COMPUTADOR                                             "
"1","  5.861e-01"
"1","  -0.652"
"1","
ocupacaoPROTÉTICO                                                             "
"1","  9.924e-01"
"1","  -0.505"
"1","
ocupacaoPSICÓLOGO                                                             "
"1","  4.203e-01"
"1","  -1.084"
"1","
ocupacaoPUBLICITÁRIO                                                          "
"1","  3.232e-01"
"1","  -2.059"
"1","
ocupacaoQUÍMICO                                                               "
"1","  7.096e-01"
"1","  -0.016"
"1","
ocupacaoREPRESENTANTE COMERCIAL                                               "
"1","  2.487e-01"
"1","  -1.832"
"1","
ocupacaoSACERDOTE OU MEMBRO DE ORDEM OU SEITA RELIGIOSA                       "
"1","  2.344e-01"
"1","   0.950"
"1","
ocupacaoSECRETÁRIO E DATILÓGRAFO                                              "
"1","  5.133e-01"
"1","  -0.587"
"1","
ocupacaoSENADOR                                                               "
"1","  9.913e-01"
"1","   0.879"
"1","
ocupacaoSERVENTUÁRIO DE JUSTIÇA                                               "
"1","  9.901e-01"
"1","  -0.817"
"1","
ocupacaoSERVIDOR PÚBLICO CIVIL APOSENTADO                                     "
"1","  2.025e-01"
"1","  -2.436"
"1","
ocupacaoSERVIDOR PÚBLICO ESTADUAL                                             "
"1","  1.587e-01"
"1","  -2.294"
"1","
ocupacaoSERVIDOR PÚBLICO FEDERAL                                              "
"1","  1.604e-01"
"1","  -3.279"
"1","
ocupacaoSERVIDOR PÚBLICO MUNICIPAL                                            "
"1","  1.926e-01"
"1","  -2.255"
"1","
ocupacaoSOCIÓLOGO                                                             "
"1","  3.953e-01"
"1","  -0.646"
"1","
ocupacaoSUPERVISOR, INSPETOR E AGENTE DE COMPRAS E VENDAS                     "
"1","  1.008e+00"
"1","  -1.687"
"1","
ocupacaoTABELIÃO                                                              "
"1","  1.002e+00"
"1","   0.334"
"1","
ocupacaoTAQUÍGRAFO E ESTENÓGRAFO                                              "
"1","  1.007e+00"
"1","   0.726"
"1","
ocupacaoTAXISTA                                                               "
"1","  4.659e-01"
"1","  -0.622"
"1","
"
"1","                                                                              "
"1"," Pr(>|t|)"
"1","    "
"1","
(Intercept)                                                                   "
"1","  < 2e-16"
"1"," ***"
"1","
ufAL                                                                          "
"1"," 0.000529"
"1"," ***"
"1","
ufAM                                                                          "
"1"," 0.016448"
"1"," *  "
"1","
ufAP                                                                          "
"1"," 0.435352"
"1","    "
"1","
ufBA                                                                          "
"1"," 1.49e-06"
"1"," ***"
"1","
ufCE                                                                          "
"1"," 1.39e-07"
"1"," ***"
"1","
ufDF                                                                          "
"1"," 0.176777"
"1","    "
"1","
ufES                                                                          "
"1"," 0.000165"
"1"," ***"
"1","
ufGO                                                                          "
"1"," 0.008371"
"1"," ** "
"1","
ufMA                                                                          "
"1"," 7.58e-08"
"1"," ***"
"1","
ufMG                                                                          "
"1"," 0.000405"
"1"," ***"
"1","
ufMS                                                                          "
"1"," 0.429952"
"1","    "
"1","
ufMT                                                                          "
"1"," 0.451800"
"1","    "
"1","
ufPA                                                                          "
"1"," 2.07e-06"
"1"," ***"
"1","
ufPB                                                                          "
"1"," 6.03e-05"
"1"," ***"
"1","
ufPE                                                                          "
"1"," 3.01e-05"
"1"," ***"
"1","
ufPI                                                                          "
"1"," 0.004987"
"1"," ** "
"1","
ufPR                                                                          "
"1"," 0.002427"
"1"," ** "
"1","
ufRJ                                                                          "
"1"," 9.57e-05"
"1"," ***"
"1","
ufRN                                                                          "
"1"," 5.41e-05"
"1"," ***"
"1","
ufRO                                                                          "
"1"," 0.030143"
"1"," *  "
"1","
ufRR                                                                          "
"1"," 0.060862"
"1"," .  "
"1","
ufRS                                                                          "
"1"," 0.014266"
"1"," *  "
"1","
ufSC                                                                          "
"1"," 0.004816"
"1"," ** "
"1","
ufSE                                                                          "
"1"," 7.52e-06"
"1"," ***"
"1","
ufSP                                                                          "
"1"," 0.087616"
"1"," .  "
"1","
ufTO                                                                          "
"1"," 0.610458"
"1","    "
"1","
partidoPC do B                                                                "
"1"," 0.807312"
"1","    "
"1","
partidoPCB                                                                    "
"1"," 0.874818"
"1","    "
"1","
partidoPCO                                                                    "
"1"," 0.089379"
"1"," .  "
"1","
partidoPDT                                                                    "
"1"," 0.046305"
"1"," *  "
"1","
partidoPFL                                                                    "
"1"," 0.001641"
"1"," ** "
"1","
partidoPHS                                                                    "
"1"," 0.141075"
"1","    "
"1","
partidoPL                                                                     "
"1"," 0.935835"
"1","    "
"1","
partidoPMDB                                                                   "
"1"," 0.004600"
"1"," ** "
"1","
partidoPMN                                                                    "
"1"," 0.786178"
"1","    "
"1","
partidoPP                                                                     "
"1"," 0.020278"
"1"," *  "
"1","
partidoPPS                                                                    "
"1"," 0.812251"
"1","    "
"1","
partidoPRB                                                                    "
"1"," 0.802156"
"1","    "
"1","
partidoPRONA                                                                  "
"1"," 0.411142"
"1","    "
"1","
partidoPRP                                                                    "
"1"," 0.492835"
"1","    "
"1","
partidoPRTB                                                                   "
"1"," 0.163483"
"1","    "
"1","
partidoPSB                                                                    "
"1"," 0.957357"
"1","    "
"1","
partidoPSC                                                                    "
"1"," 0.017442"
"1"," *  "
"1","
partidoPSDB                                                                   "
"1"," 0.019166"
"1"," *  "
"1","
partidoPSDC                                                                   "
"1"," 0.177469"
"1","    "
"1","
partidoPSL                                                                    "
"1"," 0.634107"
"1","    "
"1","
partidoPSOL                                                                   "
"1"," 0.626661"
"1","    "
"1","
partidoPSTU                                                                   "
"1"," 0.443216"
"1","    "
"1","
partidoPT                                                                     "
"1"," 0.009921"
"1"," ** "
"1","
partidoPT do B                                                                "
"1"," 0.982505"
"1","    "
"1","
partidoPTB                                                                    "
"1"," 0.040036"
"1"," *  "
"1","
partidoPTC                                                                    "
"1"," 0.696756"
"1","    "
"1","
partidoPTN                                                                    "
"1"," 0.273775"
"1","    "
"1","
partidoPV                                                                     "
"1"," 0.982523"
"1","    "
"1","
quantidade_doacoes                                                            "
"1"," 0.207106"
"1","    "
"1","
quantidade_doadores                                                           "
"1"," 4.51e-06"
"1"," ***"
"1","
total_receita                                                                 "
"1"," 0.200371"
"1","    "
"1","
media_receita                                                                 "
"1"," 3.37e-12"
"1"," ***"
"1","
recursos_de_outros_candidatos.comites                                         "
"1"," 0.951206"
"1","    "
"1","
recursos_de_pessoas_fisicas                                                   "
"1"," 0.003906"
"1"," ** "
"1","
recursos_de_pessoas_juridicas                                                 "
"1"," 0.809027"
"1","    "
"1","
recursos_proprios                                                             "
"1"," 0.646654"
"1","    "
"1","
recursos_de_partido_politico                                                  "
"1","       NA"
"1","    "
"1","
quantidade_despesas                                                           "
"1"," 0.707542"
"1","    "
"1","
quantidade_fornecedores                                                       "
"1"," 0.000439"
"1"," ***"
"1","
total_despesa                                                                 "
"1"," 0.034974"
"1"," *  "
"1","
media_despesa                                                                 "
"1","  < 2e-16"
"1"," ***"
"1","
sexoMASCULINO                                                                 "
"1"," 6.51e-05"
"1"," ***"
"1","
grauENSINO FUNDAMENTAL INCOMPLETO                                             "
"1"," 0.770433"
"1","    "
"1","
grauENSINO MÉDIO COMPLETO                                                     "
"1"," 0.180897"
"1","    "
"1","
grauENSINO MÉDIO INCOMPLETO                                                   "
"1"," 0.796623"
"1","    "
"1","
grauLÊ E ESCREVE                                                              "
"1"," 0.065348"
"1"," .  "
"1","
grauSUPERIOR COMPLETO                                                         "
"1"," 0.265887"
"1","    "
"1","
grauSUPERIOR INCOMPLETO                                                       "
"1"," 0.099819"
"1"," .  "
"1","
estado_civilDIVORCIADO(A)                                                     "
"1"," 0.083649"
"1"," .  "
"1","
estado_civilSEPARADO(A) JUDICIALMENTE                                         "
"1"," 0.044100"
"1"," *  "
"1","
estado_civilSOLTEIRO(A)                                                       "
"1"," 0.001237"
"1"," ** "
"1","
estado_civilVIÚVO(A)                                                          "
"1"," 0.317994"
"1","    "
"1","
ocupacaoADVOGADO                                                              "
"1"," 0.037741"
"1"," *  "
"1","
ocupacaoAGENCIADOR DE PROPAGANDA                                              "
"1"," 0.513046"
"1","    "
"1","
ocupacaoAGENTE ADMINISTRATIVO                                                 "
"1"," 0.190598"
"1","    "
"1","
ocupacaoAGENTE DE SAÚDE E SANITARISTA                                         "
"1"," 0.812513"
"1","    "
"1","
ocupacaoAGENTE DE VIAGEM                                                      "
"1"," 0.718635"
"1","    "
"1","
ocupacaoAGENTE POSTAL                                                         "
"1"," 0.593886"
"1","    "
"1","
ocupacaoAGRICULTOR                                                            "
"1"," 0.893500"
"1","    "
"1","
ocupacaoAGRÔNOMO                                                              "
"1"," 0.278099"
"1","    "
"1","
ocupacaoALFAIATE E COSTUREIRO                                                 "
"1"," 0.614351"
"1","    "
"1","
ocupacaoALMOXARIFE                                                            "
"1"," 0.073516"
"1"," .  "
"1","
ocupacaoANALISTA DE SISTEMAS                                                  "
"1"," 0.039130"
"1"," *  "
"1","
ocupacaoAPOSENTADO (EXCETO SERVIDOR PÚBLICO)                                  "
"1"," 0.002487"
"1"," ** "
"1","
ocupacaoARQUITETO                                                             "
"1"," 0.983205"
"1","    "
"1","
ocupacaoARTESÃO                                                               "
"1"," 0.088887"
"1"," .  "
"1","
ocupacaoARTISTA DE CIRCO                                                      "
"1"," 0.222767"
"1","    "
"1","
ocupacaoARTISTA PLÁSTICO E ASSEMELHADOS                                       "
"1"," 0.417402"
"1","    "
"1","
ocupacaoASSISTENTE SOCIAL                                                     "
"1"," 0.350161"
"1","    "
"1","
ocupacaoATLETA PROFISSIONAL E TÉCNICO EM DESPORTOS                            "
"1"," 0.855360"
"1","    "
"1","
ocupacaoATOR E DIRETOR DE ESPETÁCULOS PÚBLICOS                                "
"1"," 0.698313"
"1","    "
"1","
ocupacaoAUXILIAR DE ESCRITÓRIO E ASSEMELHADOS                                 "
"1"," 0.591071"
"1","    "
"1","
ocupacaoAUXILIAR DE LABORATÓRIO                                               "
"1"," 0.441692"
"1","    "
"1","
ocupacaoBANCÁRIO E ECONOMIÁRIO                                                "
"1"," 0.009263"
"1"," ** "
"1","
ocupacaoBIBLIOTECÁRIO                                                         "
"1"," 0.684733"
"1","    "
"1","
ocupacaoBIÓLOGO                                                               "
"1"," 0.077972"
"1"," .  "
"1","
ocupacaoBIOMÉDICO                                                             "
"1"," 0.477070"
"1","    "
"1","
ocupacaoBOMBEIRO MILITAR                                                      "
"1"," 0.555920"
"1","    "
"1","
ocupacaoCABELEIREIRO E BARBEIRO                                               "
"1"," 0.805629"
"1","    "
"1","
ocupacaoCANTOR E COMPOSITOR                                                   "
"1"," 0.040678"
"1"," *  "
"1","
ocupacaoCAPITALISTA DE ATIVOS FINANCEIROS                                     "
"1"," 0.023806"
"1"," *  "
"1","
ocupacaoCARPINTEIRO, MARCENEIRO E ASSEMELHADOS                                "
"1"," 0.684098"
"1","    "
"1","
ocupacaoCIENTISTA POLÍTICO                                                    "
"1"," 0.658546"
"1","    "
"1","
ocupacaoCOMERCIANTE                                                           "
"1"," 0.485747"
"1","    "
"1","
ocupacaoCOMERCIÁRIO                                                           "
"1"," 0.061701"
"1"," .  "
"1","
ocupacaoCONTADOR                                                              "
"1"," 0.171458"
"1","    "
"1","
ocupacaoCORRETOR DE IMÓVEIS, SEGUROS, TÍTULOS E VALORES                       "
"1"," 0.001780"
"1"," ** "
"1","
ocupacaoCOZINHEIRO                                                            "
"1"," 0.558086"
"1","    "
"1","
ocupacaoDEPUTADO                                                              "
"1"," 0.000384"
"1"," ***"
"1","
ocupacaoDESENHISTA                                                            "
"1"," 0.403265"
"1","    "
"1","
ocupacaoDESPACHANTE                                                           "
"1"," 0.742087"
"1","    "
"1","
ocupacaoDETETIVE PARTICULAR                                                   "
"1"," 0.380920"
"1","    "
"1","
ocupacaoDIGITADOR                                                             "
"1"," 0.206571"
"1","    "
"1","
ocupacaoDIPLOMATA                                                             "
"1"," 0.131653"
"1","    "
"1","
ocupacaoDIRETOR DE EMPRESAS                                                   "
"1"," 0.492428"
"1","    "
"1","
ocupacaoDIRETOR DE ESTABELECIMENTO DE ENSINO                                  "
"1"," 0.723975"
"1","    "
"1","
ocupacaoDONA DE CASA                                                          "
"1"," 0.092039"
"1"," .  "
"1","
ocupacaoECONOMISTA                                                            "
"1"," 0.076074"
"1"," .  "
"1","
ocupacaoELETRICISTA E ASSEMELHADOS                                            "
"1"," 0.352766"
"1","    "
"1","
ocupacaoEMPRESÁRIO                                                            "
"1"," 0.232329"
"1","    "
"1","
ocupacaoENCANADOR, SOLDADOR, CHAPEADOR E CALDEIREIRO                          "
"1"," 0.318164"
"1","    "
"1","
ocupacaoENFERMEIRO                                                            "
"1"," 0.546690"
"1","    "
"1","
ocupacaoENGENHEIRO                                                            "
"1"," 0.970258"
"1","    "
"1","
ocupacaoESCRITOR E CRÍTICO                                                    "
"1"," 0.019393"
"1"," *  "
"1","
ocupacaoESTUDANTE, BOLSISTA, ESTAGIÁRIO E ASSEMELHADOS                        "
"1"," 0.650526"
"1","    "
"1","
ocupacaoFARMACÊUTICO                                                          "
"1"," 0.878911"
"1","    "
"1","
ocupacaoFEIRANTE, AMBULANTE E MASCATE                                         "
"1"," 0.476567"
"1","    "
"1","
ocupacaoFERROVIÁRIO                                                           "
"1"," 0.569196"
"1","    "
"1","
ocupacaoFIANDEIRO, TECELÃO, TINGIDOR E ASSEMELHADOS                           "
"1"," 0.912431"
"1","    "
"1","
ocupacaoFISCAL                                                                "
"1"," 0.000868"
"1"," ***"
"1","
ocupacaoFÍSICO                                                                "
"1"," 0.349563"
"1","    "
"1","
ocupacaoFISIOTERAPEUTA E TERAPEUTA OCUPACIONAL                                "
"1"," 0.509310"
"1","    "
"1","
ocupacaoFOTÓGRAFO E ASSEMELHADOS                                              "
"1"," 0.029640"
"1"," *  "
"1","
ocupacaoGARÇOM                                                                "
"1"," 0.959568"
"1","    "
"1","
ocupacaoGEÓGRAFO                                                              "
"1"," 0.760536"
"1","    "
"1","
ocupacaoGEÓLOGO                                                               "
"1"," 0.439816"
"1","    "
"1","
ocupacaoGERENTE                                                               "
"1"," 0.063069"
"1"," .  "
"1","
ocupacaoHISTORIADOR                                                           "
"1"," 0.676979"
"1","    "
"1","
ocupacaoINDUSTRIAL                                                            "
"1"," 0.429289"
"1","    "
"1","
ocupacaoJORNALISTA E REDATOR                                                  "
"1"," 0.174202"
"1","    "
"1","
ocupacaoLEILOEIRO, AVALIADOR E ASSEMELHADOS                                   "
"1"," 0.042067"
"1"," *  "
"1","
ocupacaoLOCUTOR E COMENTARISTA DE RÁDIO E TELEVISÃO E RADIALISTA              "
"1"," 0.564576"
"1","    "
"1","
ocupacaoMANICURE E MAQUILADOR                                                 "
"1"," 0.093288"
"1"," .  "
"1","
ocupacaoMECÂNICO DE MANUTENÇÃO                                                "
"1"," 0.949683"
"1","    "
"1","
ocupacaoMÉDICO                                                                "
"1"," 0.019176"
"1"," *  "
"1","
ocupacaoMEMBRO DAS FORÇAS ARMADAS                                             "
"1"," 0.597060"
"1","    "
"1","
ocupacaoMESTRE E CONTRAMESTRE DE EMBARCAÇÃO                                   "
"1"," 0.974137"
"1","    "
"1","
ocupacaoMILITAR REFORMADO                                                     "
"1"," 0.113875"
"1","    "
"1","
ocupacaoMOTORISTA DE VEÍCULOS DE TRANSPORTE COLETIVO DE PASSAGEIROS           "
"1"," 0.498591"
"1","    "
"1","
ocupacaoMOTORISTA DE VEÍCULOS DE TRANSPORTE DE CARGA                          "
"1"," 0.535374"
"1","    "
"1","
ocupacaoMOTORISTA PARTICULAR                                                  "
"1"," 0.166348"
"1","    "
"1","
ocupacaoMÚSICO                                                                "
"1"," 0.061483"
"1"," .  "
"1","
ocupacaoOCUPANTE DE CARGO EM COMISSÃO                                         "
"1"," 0.406866"
"1","    "
"1","
ocupacaoODONTÓLOGO                                                            "
"1"," 0.562752"
"1","    "
"1","
ocupacaoOPERADOR DE APARELHOS DE PRODUÇÃO INDUSTRIAL                          "
"1"," 0.685184"
"1","    "
"1","
ocupacaoOPERADOR DE COMPUTADOR                                                "
"1"," 0.021382"
"1"," *  "
"1","
ocupacaoOPERADOR DE EQUIPAMENTO DE RÁDIO, TELEVISÃO, SOM E CINEMA             "
"1"," 0.998343"
"1","    "
"1","
ocupacaoOPERADOR DE INSTALAÇÃO DE PRODUÇÃO DE ENERGIA ELÉTRICA E NUCLEAR      "
"1"," 0.219741"
"1","    "
"1","
ocupacaoOUTROS                                                                "
"1"," 0.043185"
"1"," *  "
"1","
ocupacaoPADEIRO, CONFEITEIRO E ASSEMELHADOS                                   "
"1"," 0.198225"
"1","    "
"1","
ocupacaoPECUARISTA                                                            "
"1"," 0.071926"
"1"," .  "
"1","
ocupacaoPEDAGOGO                                                              "
"1"," 0.182741"
"1","    "
"1","
ocupacaoPESCADOR                                                              "
"1"," 0.485346"
"1","    "
"1","
ocupacaoPETROLEIRO                                                            "
"1"," 0.787467"
"1","    "
"1","
ocupacaoPILOTO DE AVIAÇÃO COMERCIAL, NAVEGADOR, MECÂNICO DE VÔO E ASSEMELHADOS"
"1"," 0.037198"
"1"," *  "
"1","
ocupacaoPOLICIAL CIVIL                                                        "
"1"," 0.774684"
"1","    "
"1","
ocupacaoPOLICIAL MILITAR                                                      "
"1"," 0.392117"
"1","    "
"1","
ocupacaoPORTEIRO DE EDIFÍCIO, ASCENSORISTA, GARAGISTA E ZELADOR               "
"1"," 0.237023"
"1","    "
"1","
ocupacaoPRODUTOR AGROPECUÁRIO                                                 "
"1"," 0.181351"
"1","    "
"1","
ocupacaoPRODUTOR DE ESPETÁCULOS PÚBLICOS                                      "
"1"," 0.795886"
"1","    "
"1","
ocupacaoPROFESSOR DE ENSINO FUNDAMENTAL                                       "
"1"," 0.037452"
"1"," *  "
"1","
ocupacaoPROFESSOR DE ENSINO MÉDIO                                             "
"1"," 0.124180"
"1","    "
"1","
ocupacaoPROFESSOR DE ENSINO SUPERIOR                                          "
"1"," 0.033692"
"1"," *  "
"1","
ocupacaoPROFESSOR E INSTRUTOR DE FORMAÇÃO PROFISSIONAL                        "
"1"," 0.380593"
"1","    "
"1","
ocupacaoPROGRAMADOR DE COMPUTADOR                                             "
"1"," 0.514757"
"1","    "
"1","
ocupacaoPROTÉTICO                                                             "
"1"," 0.613395"
"1","    "
"1","
ocupacaoPSICÓLOGO                                                             "
"1"," 0.278621"
"1","    "
"1","
ocupacaoPUBLICITÁRIO                                                          "
"1"," 0.039556"
"1"," *  "
"1","
ocupacaoQUÍMICO                                                               "
"1"," 0.987346"
"1","    "
"1","
ocupacaoREPRESENTANTE COMERCIAL                                               "
"1"," 0.067114"
"1"," .  "
"1","
ocupacaoSACERDOTE OU MEMBRO DE ORDEM OU SEITA RELIGIOSA                       "
"1"," 0.342143"
"1","    "
"1","
ocupacaoSECRETÁRIO E DATILÓGRAFO                                              "
"1"," 0.557163"
"1","    "
"1","
ocupacaoSENADOR                                                               "
"1"," 0.379549"
"1","    "
"1","
ocupacaoSERVENTUÁRIO DE JUSTIÇA                                               "
"1"," 0.413982"
"1","    "
"1","
ocupacaoSERVIDOR PÚBLICO CIVIL APOSENTADO                                     "
"1"," 0.014887"
"1"," *  "
"1","
ocupacaoSERVIDOR PÚBLICO ESTADUAL                                             "
"1"," 0.021834"
"1"," *  "
"1","
ocupacaoSERVIDOR PÚBLICO FEDERAL                                              "
"1"," 0.001052"
"1"," ** "
"1","
ocupacaoSERVIDOR PÚBLICO MUNICIPAL                                            "
"1"," 0.024223"
"1"," *  "
"1","
ocupacaoSOCIÓLOGO                                                             "
"1"," 0.518107"
"1","    "
"1","
ocupacaoSUPERVISOR, INSPETOR E AGENTE DE COMPRAS E VENDAS                     "
"1"," 0.091672"
"1"," .  "
"1","
ocupacaoTABELIÃO                                                              "
"1"," 0.738292"
"1","    "
"1","
ocupacaoTAQUÍGRAFO E ESTENÓGRAFO                                              "
"1"," 0.467763"
"1","    "
"1","
ocupacaoTAXISTA                                                               "
"1"," 0.534039"
"1","    "
"1","
"
"1"," [ reached getOption(""max.print"") -- omitted 23 rows ]
"
"1","---
Signif. codes:  "
"1","0 ‘***’ 0.001 ‘**’ 0.01 ‘*’ 0.05 ‘.’ 0.1 ‘ ’ 1"
"1","
"
"1","
Residual standard error:"
"1"," "
"1","0.9768"
"1"," "
"1","on"
"1"," "
"1","3214"
"1"," "
"1","degrees of freedom"
"1","
"
"1","Multiple R-squared: "
"1"," "
"1","0.7565"
"1",",	Adjusted R-squared: "
"1"," "
"1","0.7398"
"1"," "
"1","
F-statistic:"
"1"," "
"1","45.19"
"1"," "
"1","on"
"1"," "
"1","221"
"1"," "
"1","and"
"1"," "
"1","3214"
"1"," "
"1","DF,  p-value:"
"1"," "
"1","< 2.2e-16"
"1","
"
"1","
"
