"0","eleicoes2006_2010$quantidade_doacoes = log(eleicoes2006_2010$quantidade_doacoes)"
"0","eleicoes2006_2010$quantidade_doadores = log(eleicoes2006_2010$quantidade_doadores)"
"0","eleicoes2006_2010$quantidade_despesas = log(eleicoes2006_2010$quantidade_despesas)"
"0","eleicoes2006_2010$quantidade_fornecedores = log(eleicoes2006_2010$quantidade_fornecedores)"
"0","eleicoes2006_2010$votos = log(eleicoes2006_2010$votos)"
"0","eleicoes2006_2010 = select(eleicoes2006_2010, -cargo, -ano, -sequencial_candidato, -nome)"
"0","e2006_2010lm = lm(votos ~ . , data = eleicoes2006_2010)"
"0","print(summary(e2006_2010lm))"
"1","
Call:
"
"1","lm(formula = votos ~ ., data = eleicoes2006_2010)"
"1","

"
"1","Residuals:
"
"1","    Min "
"1","     1Q "
"1"," Median "
"1","     3Q "
"1","    Max "
"1","
"
"1","-5.2893 "
"1","-0.6425 "
"1"," 0.0000 "
"1"," 0.6718 "
"1"," 5.6927 "
"1","
"
"1","
Coefficients: ("
"1","1"
"1"," not defined because of singularities)
"
"1","                                                                              "
"1","   Estimate"
"1","
(Intercept)                                                                   "
"1","  5.414e+00"
"1","
ufAL                                                                          "
"1","  9.091e-01"
"1","
ufAM                                                                          "
"1","  5.273e-01"
"1","
ufAP                                                                          "
"1","  1.498e-01"
"1","
ufBA                                                                          "
"1","  1.017e+00"
"1","
ufCE                                                                          "
"1","  1.237e+00"
"1","
ufDF                                                                          "
"1"," -1.029e-01"
"1","
ufES                                                                          "
"1","  6.726e-01"
"1","
ufGO                                                                          "
"1","  3.937e-01"
"1","
ufMA                                                                          "
"1","  1.270e+00"
"1","
ufMG                                                                          "
"1","  4.010e-01"
"1","
ufMS                                                                          "
"1"," -1.072e-01"
"1","
ufMT                                                                          "
"1","  1.105e-01"
"1","
ufPA                                                                          "
"1","  1.002e+00"
"1","
ufPB                                                                          "
"1","  7.948e-01"
"1","
ufPE                                                                          "
"1","  9.513e-01"
"1","
ufPI                                                                          "
"1","  4.075e-01"
"1","
ufPR                                                                          "
"1","  4.893e-01"
"1","
ufRJ                                                                          "
"1","  6.183e-01"
"1","
ufRN                                                                          "
"1","  8.665e-01"
"1","
ufRO                                                                          "
"1","  3.513e-01"
"1","
ufRR                                                                          "
"1"," -4.928e-01"
"1","
ufRS                                                                          "
"1","  4.511e-01"
"1","
ufSC                                                                          "
"1","  4.568e-01"
"1","
ufSE                                                                          "
"1","  9.052e-01"
"1","
ufSP                                                                          "
"1","  1.513e-01"
"1","
ufTO                                                                          "
"1"," -1.588e-01"
"1","
partidoPAN                                                                    "
"1"," -1.758e-01"
"1","
partidoPC do B                                                                "
"1"," -2.923e-01"
"1","
partidoPCB                                                                    "
"1"," -1.553e-01"
"1","
partidoPCO                                                                    "
"1"," -7.333e-01"
"1","
partidoPDT                                                                    "
"1","  4.451e-02"
"1","
partidoPFL                                                                    "
"1","  4.376e-01"
"1","
partidoPHS                                                                    "
"1"," -6.202e-01"
"1","
partidoPL                                                                     "
"1"," -1.058e-01"
"1","
partidoPMDB                                                                   "
"1","  1.912e-01"
"1","
partidoPMN                                                                    "
"1"," -5.189e-01"
"1","
partidoPP                                                                     "
"1","  7.458e-02"
"1","
partidoPPS                                                                    "
"1"," -1.704e-01"
"1","
partidoPR                                                                     "
"1"," -2.160e-02"
"1","
partidoPRB                                                                    "
"1"," -3.045e-01"
"1","
partidoPRONA                                                                  "
"1","  4.951e-02"
"1","
partidoPRP                                                                    "
"1"," -5.092e-01"
"1","
partidoPRTB                                                                   "
"1"," -5.540e-01"
"1","
partidoPSB                                                                    "
"1"," -1.882e-01"
"1","
partidoPSC                                                                    "
"1"," -3.419e-02"
"1","
partidoPSDB                                                                   "
"1","  1.444e-01"
"1","
partidoPSDC                                                                   "
"1"," -4.416e-01"
"1","
partidoPSL                                                                    "
"1"," -4.450e-01"
"1","
partidoPSOL                                                                   "
"1"," -4.823e-01"
"1","
partidoPSTU                                                                   "
"1"," -1.535e-01"
"1","
partidoPT                                                                     "
"1","  1.541e-01"
"1","
partidoPT do B                                                                "
"1"," -2.527e-01"
"1","
partidoPTB                                                                    "
"1"," -1.864e-01"
"1","
partidoPTC                                                                    "
"1"," -6.575e-01"
"1","
partidoPTN                                                                    "
"1"," -5.326e-01"
"1","
partidoPV                                                                     "
"1"," -1.808e-01"
"1","
quantidade_doacoes                                                            "
"1"," -7.381e-02"
"1","
quantidade_doadores                                                           "
"1","  4.984e-01"
"1","
total_receita                                                                 "
"1"," -9.219e-07"
"1","
media_receita                                                                 "
"1","  1.599e-05"
"1","
recursos_de_outros_candidatos.comites                                         "
"1","  5.091e-07"
"1","
recursos_de_pessoas_fisicas                                                   "
"1","  1.385e-06"
"1","
recursos_de_pessoas_juridicas                                                 "
"1","  6.591e-07"
"1","
recursos_proprios                                                             "
"1","  1.692e-07"
"1","
recursos_de_partido_politico                                                  "
"1","         NA"
"1","
quantidade_despesas                                                           "
"1","  7.856e-03"
"1","
quantidade_fornecedores                                                       "
"1","  3.752e-01"
"1","
total_despesa                                                                 "
"1","  5.854e-07"
"1","
media_despesa                                                                 "
"1"," -4.535e-06"
"1","
sexoMASCULINO                                                                 "
"1","  3.479e-01"
"1","
grauENSINO FUNDAMENTAL INCOMPLETO                                             "
"1","  6.338e-02"
"1","
grauENSINO MÉDIO COMPLETO                                                     "
"1","  7.644e-02"
"1","
grauENSINO MÉDIO INCOMPLETO                                                   "
"1"," -3.188e-02"
"1","
grauLÊ E ESCREVE                                                              "
"1","  3.113e-01"
"1","
grauSUPERIOR COMPLETO                                                         "
"1","  1.439e-01"
"1","
grauSUPERIOR INCOMPLETO                                                       "
"1","  1.637e-01"
"1","
estado_civilDIVORCIADO(A)                                                     "
"1"," -1.507e-01"
"1","
estado_civilSEPARADO(A) JUDICIALMENTE                                         "
"1"," -2.025e-01"
"1","
estado_civilSOLTEIRO(A)                                                       "
"1"," -2.151e-01"
"1","
estado_civilVIÚVO(A)                                                          "
"1"," -9.658e-02"
"1","
ocupacaoADVOGADO                                                              "
"1"," -1.204e-01"
"1","
ocupacaoAGENCIADOR DE PROPAGANDA                                              "
"1"," -4.249e-01"
"1","
ocupacaoAGENTE ADMINISTRATIVO                                                 "
"1"," -7.195e-01"
"1","
ocupacaoAGENTE DE SAÚDE E SANITARISTA                                         "
"1"," -1.530e+00"
"1","
ocupacaoAGENTE DE VIAGEM                                                      "
"1"," -3.301e-01"
"1","
ocupacaoAGENTE POSTAL                                                         "
"1","  5.262e-01"
"1","
ocupacaoAGRICULTOR                                                            "
"1","  3.851e-02"
"1","
ocupacaoAGRÔNOMO                                                              "
"1","  5.970e-01"
"1","
ocupacaoALFAIATE E COSTUREIRO                                                 "
"1"," -2.862e-01"
"1","
ocupacaoALMOXARIFE                                                            "
"1"," -6.863e-01"
"1","
ocupacaoANALISTA DE SISTEMAS                                                  "
"1"," -4.067e-01"
"1","
ocupacaoAPOSENTADO (EXCETO SERVIDOR PÚBLICO)                                  "
"1"," -4.929e-01"
"1","
ocupacaoARQUEÓLOGO                                                            "
"1"," -1.011e+00"
"1","
ocupacaoARQUITETO                                                             "
"1"," -1.021e-01"
"1","
ocupacaoARTESÃO                                                               "
"1"," -7.469e-01"
"1","
ocupacaoARTISTA DE CIRCO                                                      "
"1","  1.310e+00"
"1","
ocupacaoARTISTA PLÁSTICO E ASSEMELHADOS                                       "
"1"," -5.717e-01"
"1","
ocupacaoASSISTENTE SOCIAL                                                     "
"1","  1.290e-01"
"1","
ocupacaoASTRÔNOMO                                                             "
"1","  4.541e-01"
"1","
ocupacaoATLETA PROFISSIONAL E TÉCNICO EM DESPORTOS                            "
"1","  8.796e-01"
"1","
ocupacaoATOR E DIRETOR DE ESPETÁCULOS PÚBLICOS                                "
"1","  2.740e-01"
"1","
ocupacaoAUXILIAR DE ESCRITÓRIO E ASSEMELHADOS                                 "
"1"," -2.572e-01"
"1","
ocupacaoAUXILIAR DE LABORATÓRIO                                               "
"1","  4.718e-01"
"1","
ocupacaoBANCÁRIO E ECONOMIÁRIO                                                "
"1"," -3.505e-01"
"1","
ocupacaoBIBLIOTECÁRIO                                                         "
"1","  4.165e-01"
"1","
ocupacaoBIÓLOGO                                                               "
"1"," -4.128e-01"
"1","
ocupacaoBIOMÉDICO                                                             "
"1"," -2.207e-01"
"1","
ocupacaoBOMBEIRO MILITAR                                                      "
"1"," -1.082e-01"
"1","
ocupacaoCABELEIREIRO E BARBEIRO                                               "
"1"," -2.055e-01"
"1","
ocupacaoCANTOR E COMPOSITOR                                                   "
"1","  5.770e-01"
"1","
ocupacaoCAPITALISTA DE ATIVOS FINANCEIROS                                     "
"1"," -2.034e+00"
"1","
ocupacaoCARPINTEIRO, MARCENEIRO E ASSEMELHADOS                                "
"1"," -1.052e-01"
"1","
ocupacaoCIENTISTA POLÍTICO                                                    "
"1"," -3.097e-01"
"1","
ocupacaoCOBRADOR DE TRANSPORTE COLETIVO                                       "
"1"," -6.761e-01"
"1","
ocupacaoCOMERCIANTE                                                           "
"1","  5.566e-02"
"1","
ocupacaoCOMERCIÁRIO                                                           "
"1"," -6.266e-01"
"1","
ocupacaoCOMUNICÓLOGO                                                          "
"1"," -2.065e-01"
"1","
ocupacaoCONTADOR                                                              "
"1"," -1.456e-01"
"1","
ocupacaoCORRETOR DE IMÓVEIS, SEGUROS, TÍTULOS E VALORES                       "
"1"," -4.646e-01"
"1","
ocupacaoCOZINHEIRO                                                            "
"1"," -9.730e-01"
"1","
ocupacaoDEMONSTRADOR                                                          "
"1"," -6.751e-01"
"1","
ocupacaoDEPUTADO                                                              "
"1","  8.147e-01"
"1","
ocupacaoDESENHISTA                                                            "
"1"," -5.338e-01"
"1","
ocupacaoDESPACHANTE                                                           "
"1","  2.375e-01"
"1","
ocupacaoDETETIVE PARTICULAR                                                   "
"1"," -3.350e-01"
"1","
ocupacaoDIGITADOR                                                             "
"1"," -4.367e-01"
"1","
ocupacaoDIPLOMATA                                                             "
"1"," -4.564e-01"
"1","
ocupacaoDIRETOR DE EMPRESAS                                                   "
"1"," -2.001e-01"
"1","
ocupacaoDIRETOR DE ESTABELECIMENTO DE ENSINO                                  "
"1"," -1.305e-01"
"1","
ocupacaoDONA DE CASA                                                          "
"1"," -2.856e-01"
"1","
ocupacaoECONOMISTA                                                            "
"1"," -4.888e-02"
"1","
ocupacaoELETRICISTA E ASSEMELHADOS                                            "
"1"," -5.773e-01"
"1","
ocupacaoEMPRESÁRIO                                                            "
"1"," -2.030e-02"
"1","
ocupacaoENCANADOR, SOLDADOR, CHAPEADOR E CALDEIREIRO                          "
"1"," -5.942e-01"
"1","
ocupacaoENFERMEIRO                                                            "
"1","  2.905e-01"
"1","
ocupacaoENGENHEIRO                                                            "
"1","  6.270e-02"
"1","
ocupacaoESCRITOR E CRÍTICO                                                    "
"1"," -9.928e-01"
"1","
ocupacaoESCULTOR E PINTOR                                                     "
"1"," -9.561e-01"
"1","
ocupacaoESTETICISTA                                                           "
"1"," -1.312e+00"
"1","
ocupacaoESTIVADOR, CARREGADOR E ASSEMELHADOS                                  "
"1"," -1.320e-01"
"1","
ocupacaoESTUDANTE, BOLSISTA, ESTAGIÁRIO E ASSEMELHADOS                        "
"1","  4.878e-02"
"1","
ocupacaoFARMACÊUTICO                                                          "
"1","  9.615e-02"
"1","
ocupacaoFAXINEIRO                                                             "
"1"," -4.304e-01"
"1","
ocupacaoFEIRANTE, AMBULANTE E MASCATE                                         "
"1","  4.998e-01"
"1","
ocupacaoFERROVIÁRIO                                                           "
"1","  8.530e-01"
"1","
ocupacaoFIANDEIRO, TECELÃO, TINGIDOR E ASSEMELHADOS                           "
"1","  2.710e-01"
"1","
ocupacaoFISCAL                                                                "
"1"," -9.548e-01"
"1","
ocupacaoFISCAL DE TRANSPORTE COLETIVO                                         "
"1"," -4.921e-01"
"1","
ocupacaoFÍSICO                                                                "
"1"," -6.576e-01"
"1","
ocupacaoFISIOTERAPEUTA E TERAPEUTA OCUPACIONAL                                "
"1","  2.728e-01"
"1","
ocupacaoFONOAUDIÓLOGO                                                         "
"1"," -7.861e-01"
"1","
ocupacaoFOTÓGRAFO E ASSEMELHADOS                                              "
"1"," -6.309e-01"
"1","
ocupacaoFRENTISTA                                                             "
"1"," -4.593e-02"
"1","
ocupacaoGARÇOM                                                                "
"1"," -7.254e-01"
"1","
ocupacaoGARI OU LIXEIRO                                                       "
"1","  1.194e+00"
"1","
ocupacaoGEÓGRAFO                                                              "
"1"," -4.832e-01"
"1","
ocupacaoGEÓLOGO                                                               "
"1","  2.114e-01"
"1","
ocupacaoGERENTE                                                               "
"1"," -2.795e-01"
"1","
ocupacaoGUIA DE TURISMO                                                       "
"1"," -1.716e-02"
"1","
ocupacaoHISTORIADOR                                                           "
"1"," -2.554e-01"
"1","
ocupacaoINDUSTRIAL                                                            "
"1","  1.074e-01"
"1","
ocupacaoJORNALISTA E REDATOR                                                  "
"1"," -1.605e-01"
"1","
ocupacaoLEILOEIRO, AVALIADOR E ASSEMELHADOS                                   "
"1"," -1.214e+00"
"1","
ocupacaoLOCUTOR E COMENTARISTA DE RÁDIO E TELEVISÃO E RADIALISTA              "
"1","  5.037e-01"
"1","
ocupacaoMANICURE E MAQUILADOR                                                 "
"1"," -9.137e-01"
"1","
ocupacaoMARINHEIRO CIVIL, CANOEIRO, EMBARCADO E ASSEMELHADOS                  "
"1"," -1.968e+00"
"1","
ocupacaoMECÂNICO DE MANUTENÇÃO                                                "
"1","  7.064e-01"
"1","
ocupacaoMÉDICO                                                                "
"1","  4.372e-01"
"1","
ocupacaoMEMBRO DAS FORÇAS ARMADAS                                             "
"1"," -1.947e-01"
"1","
ocupacaoMEMBRO DO MINISTÉRIO PÚBLICO                                          "
"1","  1.809e-01"
"1","
ocupacaoMESTRE E CONTRAMESTRE DE EMBARCAÇÃO                                   "
"1","  4.013e-01"
"1","
ocupacaoMILITAR REFORMADO                                                     "
"1"," -2.681e-01"
"1","
ocupacaoMODELO                                                                "
"1","  3.093e+00"
"1","
ocupacaoMOTOBOY                                                               "
"1"," -2.499e-03"
"1","
ocupacaoMOTORISTA DE VEÍCULOS DE TRANSPORTE COLETIVO DE PASSAGEIROS           "
"1"," -1.157e-02"
"1","
ocupacaoMOTORISTA DE VEÍCULOS DE TRANSPORTE DE CARGA                          "
"1"," -1.907e-01"
"1","
ocupacaoMOTORISTA PARTICULAR                                                  "
"1"," -3.625e-01"
"1","
ocupacaoMÚSICO                                                                "
"1","  7.345e-01"
"1","
ocupacaoOCUPANTE DE CARGO EM COMISSÃO                                         "
"1"," -1.277e-01"
"1","
ocupacaoODONTÓLOGO                                                            "
"1"," -2.208e-01"
"1","
ocupacaoOPERADOR DE APARELHOS DE PRODUÇÃO INDUSTRIAL                          "
"1"," -8.529e-01"
"1","
ocupacaoOPERADOR DE COMPUTADOR                                                "
"1"," -1.951e+00"
"1","
ocupacaoOPERADOR DE EQUIPAMENTO DE RÁDIO, TELEVISÃO, SOM E CINEMA             "
"1"," -5.657e-01"
"1","
ocupacaoOPERADOR DE INSTALAÇÃO DE PRODUÇÃO DE ENERGIA ELÉTRICA E NUCLEAR      "
"1"," -1.152e+00"
"1","
ocupacaoOUTROS                                                                "
"1"," -2.056e-01"
"1","
ocupacaoPADEIRO, CONFEITEIRO E ASSEMELHADOS                                   "
"1"," -6.503e-01"
"1","
ocupacaoPECUARISTA                                                            "
"1","  2.077e-01"
"1","
ocupacaoPEDAGOGO                                                              "
"1"," -1.631e-02"
"1","
ocupacaoPESCADOR                                                              "
"1","  2.802e-01"
"1","
ocupacaoPETROLEIRO                                                            "
"1"," -1.837e-01"
"1","
ocupacaoPILOTO DE AVIAÇÃO COMERCIAL, NAVEGADOR, MECÂNICO DE VÔO E ASSEMELHADOS"
"1"," -9.090e-01"
"1","
ocupacaoPOLICIAL CIVIL                                                        "
"1","  6.729e-02"
"1","
ocupacaoPOLICIAL MILITAR                                                      "
"1"," -1.519e-01"
"1","
ocupacaoPORTEIRO DE EDIFÍCIO, ASCENSORISTA, GARAGISTA E ZELADOR               "
"1"," -1.713e+00"
"1","
ocupacaoPREFEITO                                                              "
"1","  5.121e-01"
"1","
ocupacaoPRODUTOR AGROPECUÁRIO                                                 "
"1","  4.160e-02"
"1","
ocupacaoPRODUTOR DE ESPETÁCULOS PÚBLICOS                                      "
"1"," -6.994e-01"
"1","
ocupacaoPROFESSOR DE ENSINO FUNDAMENTAL                                       "
"1"," -1.693e-01"
"1","
ocupacaoPROFESSOR DE ENSINO MÉDIO                                             "
"1"," -2.547e-01"
"1","
"
"1","                                                                              "
"1"," Std. Error"
"1"," t value"
"1","
(Intercept)                                                                   "
"1","  1.836e-01"
"1","  29.492"
"1","
ufAL                                                                          "
"1","  1.621e-01"
"1","   5.607"
"1","
ufAM                                                                          "
"1","  1.655e-01"
"1","   3.185"
"1","
ufAP                                                                          "
"1","  1.602e-01"
"1","   0.935"
"1","
ufBA                                                                          "
"1","  1.391e-01"
"1","   7.315"
"1","
ufCE                                                                          "
"1","  1.489e-01"
"1","   8.307"
"1","
ufDF                                                                          "
"1","  1.525e-01"
"1","  -0.675"
"1","
ufES                                                                          "
"1","  1.550e-01"
"1","   4.340"
"1","
ufGO                                                                          "
"1","  1.488e-01"
"1","   2.645"
"1","
ufMA                                                                          "
"1","  1.472e-01"
"1","   8.627"
"1","
ufMG                                                                          "
"1","  1.318e-01"
"1","   3.041"
"1","
ufMS                                                                          "
"1","  1.573e-01"
"1","  -0.682"
"1","
ufMT                                                                          "
"1","  1.633e-01"
"1","   0.676"
"1","
ufPA                                                                          "
"1","  1.466e-01"
"1","   6.836"
"1","
ufPB                                                                          "
"1","  1.560e-01"
"1","   5.095"
"1","
ufPE                                                                          "
"1","  1.446e-01"
"1","   6.578"
"1","
ufPI                                                                          "
"1","  1.576e-01"
"1","   2.585"
"1","
ufPR                                                                          "
"1","  1.367e-01"
"1","   3.578"
"1","
ufRJ                                                                          "
"1","  1.308e-01"
"1","   4.725"
"1","
ufRN                                                                          "
"1","  1.738e-01"
"1","   4.985"
"1","
ufRO                                                                          "
"1","  1.569e-01"
"1","   2.240"
"1","
ufRR                                                                          "
"1","  1.623e-01"
"1","  -3.036"
"1","
ufRS                                                                          "
"1","  1.356e-01"
"1","   3.328"
"1","
ufSC                                                                          "
"1","  1.427e-01"
"1","   3.202"
"1","
ufSE                                                                          "
"1","  1.740e-01"
"1","   5.202"
"1","
ufSP                                                                          "
"1","  1.292e-01"
"1","   1.171"
"1","
ufTO                                                                          "
"1","  1.637e-01"
"1","  -0.970"
"1","
partidoPAN                                                                    "
"1","  1.611e-01"
"1","  -1.092"
"1","
partidoPC do B                                                                "
"1","  1.162e-01"
"1","  -2.516"
"1","
partidoPCB                                                                    "
"1","  2.956e-01"
"1","  -0.525"
"1","
partidoPCO                                                                    "
"1","  3.562e-01"
"1","  -2.059"
"1","
partidoPDT                                                                    "
"1","  9.422e-02"
"1","   0.472"
"1","
partidoPFL                                                                    "
"1","  1.118e-01"
"1","   3.913"
"1","
partidoPHS                                                                    "
"1","  1.086e-01"
"1","  -5.711"
"1","
partidoPL                                                                     "
"1","  1.159e-01"
"1","  -0.913"
"1","
partidoPMDB                                                                   "
"1","  9.193e-02"
"1","   2.080"
"1","
partidoPMN                                                                    "
"1","  1.051e-01"
"1","  -4.937"
"1","
partidoPP                                                                     "
"1","  9.929e-02"
"1","   0.751"
"1","
partidoPPS                                                                    "
"1","  9.987e-02"
"1","  -1.706"
"1","
partidoPR                                                                     "
"1","  1.201e-01"
"1","  -0.180"
"1","
partidoPRB                                                                    "
"1","  1.259e-01"
"1","  -2.418"
"1","
partidoPRONA                                                                  "
"1","  1.444e-01"
"1","   0.343"
"1","
partidoPRP                                                                    "
"1","  1.295e-01"
"1","  -3.931"
"1","
partidoPRTB                                                                   "
"1","  1.242e-01"
"1","  -4.458"
"1","
partidoPSB                                                                    "
"1","  9.453e-02"
"1","  -1.991"
"1","
partidoPSC                                                                    "
"1","  1.032e-01"
"1","  -0.331"
"1","
partidoPSDB                                                                   "
"1","  9.386e-02"
"1","   1.538"
"1","
partidoPSDC                                                                   "
"1","  1.284e-01"
"1","  -3.438"
"1","
partidoPSL                                                                    "
"1","  1.177e-01"
"1","  -3.782"
"1","
partidoPSOL                                                                   "
"1","  1.034e-01"
"1","  -4.663"
"1","
partidoPSTU                                                                   "
"1","  1.864e-01"
"1","  -0.823"
"1","
partidoPT                                                                     "
"1","  9.268e-02"
"1","   1.663"
"1","
partidoPT do B                                                                "
"1","  1.231e-01"
"1","  -2.054"
"1","
partidoPTB                                                                    "
"1","  9.655e-02"
"1","  -1.931"
"1","
partidoPTC                                                                    "
"1","  1.063e-01"
"1","  -6.187"
"1","
partidoPTN                                                                    "
"1","  1.369e-01"
"1","  -3.889"
"1","
partidoPV                                                                     "
"1","  9.416e-02"
"1","  -1.920"
"1","
quantidade_doacoes                                                            "
"1","  9.091e-02"
"1","  -0.812"
"1","
quantidade_doadores                                                           "
"1","  8.967e-02"
"1","   5.558"
"1","
total_receita                                                                 "
"1","  2.088e-07"
"1","  -4.414"
"1","
media_receita                                                                 "
"1","  1.456e-06"
"1","  10.979"
"1","
recursos_de_outros_candidatos.comites                                         "
"1","  1.627e-07"
"1","   3.129"
"1","
recursos_de_pessoas_fisicas                                                   "
"1","  2.454e-07"
"1","   5.643"
"1","
recursos_de_pessoas_juridicas                                                 "
"1","  1.365e-07"
"1","   4.827"
"1","
recursos_proprios                                                             "
"1","  1.301e-07"
"1","   1.300"
"1","
recursos_de_partido_politico                                                  "
"1","         NA"
"1","      NA"
"1","
quantidade_despesas                                                           "
"1","  8.508e-02"
"1","   0.092"
"1","
quantidade_fornecedores                                                       "
"1","  8.611e-02"
"1","   4.357"
"1","
total_despesa                                                                 "
"1","  2.103e-07"
"1","   2.784"
"1","
media_despesa                                                                 "
"1","  2.507e-06"
"1","  -1.809"
"1","
sexoMASCULINO                                                                 "
"1","  3.761e-02"
"1","   9.250"
"1","
grauENSINO FUNDAMENTAL INCOMPLETO                                             "
"1","  9.157e-02"
"1","   0.692"
"1","
grauENSINO MÉDIO COMPLETO                                                     "
"1","  5.699e-02"
"1","   1.341"
"1","
grauENSINO MÉDIO INCOMPLETO                                                   "
"1","  8.841e-02"
"1","  -0.361"
"1","
grauLÊ E ESCREVE                                                              "
"1","  1.925e-01"
"1","   1.617"
"1","
grauSUPERIOR COMPLETO                                                         "
"1","  5.736e-02"
"1","   2.508"
"1","
grauSUPERIOR INCOMPLETO                                                       "
"1","  6.355e-02"
"1","   2.576"
"1","
estado_civilDIVORCIADO(A)                                                     "
"1","  4.098e-02"
"1","  -3.677"
"1","
estado_civilSEPARADO(A) JUDICIALMENTE                                         "
"1","  6.090e-02"
"1","  -3.325"
"1","
estado_civilSOLTEIRO(A)                                                       "
"1","  3.217e-02"
"1","  -6.686"
"1","
estado_civilVIÚVO(A)                                                          "
"1","  9.396e-02"
"1","  -1.028"
"1","
ocupacaoADVOGADO                                                              "
"1","  8.929e-02"
"1","  -1.348"
"1","
ocupacaoAGENCIADOR DE PROPAGANDA                                              "
"1","  7.301e-01"
"1","  -0.582"
"1","
ocupacaoAGENTE ADMINISTRATIVO                                                 "
"1","  2.076e-01"
"1","  -3.466"
"1","
ocupacaoAGENTE DE SAÚDE E SANITARISTA                                         "
"1","  3.373e-01"
"1","  -4.536"
"1","
ocupacaoAGENTE DE VIAGEM                                                      "
"1","  4.666e-01"
"1","  -0.707"
"1","
ocupacaoAGENTE POSTAL                                                         "
"1","  5.182e-01"
"1","   1.015"
"1","
ocupacaoAGRICULTOR                                                            "
"1","  1.663e-01"
"1","   0.232"
"1","
ocupacaoAGRÔNOMO                                                              "
"1","  3.073e-01"
"1","   1.942"
"1","
ocupacaoALFAIATE E COSTUREIRO                                                 "
"1","  1.030e+00"
"1","  -0.278"
"1","
ocupacaoALMOXARIFE                                                            "
"1","  7.288e-01"
"1","  -0.942"
"1","
ocupacaoANALISTA DE SISTEMAS                                                  "
"1","  3.080e-01"
"1","  -1.320"
"1","
ocupacaoAPOSENTADO (EXCETO SERVIDOR PÚBLICO)                                  "
"1","  1.156e-01"
"1","  -4.265"
"1","
ocupacaoARQUEÓLOGO                                                            "
"1","  1.029e+00"
"1","  -0.982"
"1","
ocupacaoARQUITETO                                                             "
"1","  2.380e-01"
"1","  -0.429"
"1","
ocupacaoARTESÃO                                                               "
"1","  3.528e-01"
"1","  -2.117"
"1","
ocupacaoARTISTA DE CIRCO                                                      "
"1","  7.310e-01"
"1","   1.792"
"1","
ocupacaoARTISTA PLÁSTICO E ASSEMELHADOS                                       "
"1","  4.660e-01"
"1","  -1.227"
"1","
ocupacaoASSISTENTE SOCIAL                                                     "
"1","  2.704e-01"
"1","   0.477"
"1","
ocupacaoASTRÔNOMO                                                             "
"1","  7.285e-01"
"1","   0.623"
"1","
ocupacaoATLETA PROFISSIONAL E TÉCNICO EM DESPORTOS                            "
"1","  3.205e-01"
"1","   2.745"
"1","
ocupacaoATOR E DIRETOR DE ESPETÁCULOS PÚBLICOS                                "
"1","  3.075e-01"
"1","   0.891"
"1","
ocupacaoAUXILIAR DE ESCRITÓRIO E ASSEMELHADOS                                 "
"1","  2.305e-01"
"1","  -1.116"
"1","
ocupacaoAUXILIAR DE LABORATÓRIO                                               "
"1","  7.334e-01"
"1","   0.643"
"1","
ocupacaoBANCÁRIO E ECONOMIÁRIO                                                "
"1","  1.596e-01"
"1","  -2.196"
"1","
ocupacaoBIBLIOTECÁRIO                                                         "
"1","  7.307e-01"
"1","   0.570"
"1","
ocupacaoBIÓLOGO                                                               "
"1","  4.264e-01"
"1","  -0.968"
"1","
ocupacaoBIOMÉDICO                                                             "
"1","  5.966e-01"
"1","  -0.370"
"1","
ocupacaoBOMBEIRO MILITAR                                                      "
"1","  2.253e-01"
"1","  -0.480"
"1","
ocupacaoCABELEIREIRO E BARBEIRO                                               "
"1","  2.972e-01"
"1","  -0.692"
"1","
ocupacaoCANTOR E COMPOSITOR                                                   "
"1","  2.110e-01"
"1","   2.734"
"1","
ocupacaoCAPITALISTA DE ATIVOS FINANCEIROS                                     "
"1","  1.032e+00"
"1","  -1.971"
"1","
ocupacaoCARPINTEIRO, MARCENEIRO E ASSEMELHADOS                                "
"1","  5.208e-01"
"1","  -0.202"
"1","
ocupacaoCIENTISTA POLÍTICO                                                    "
"1","  1.028e+00"
"1","  -0.301"
"1","
ocupacaoCOBRADOR DE TRANSPORTE COLETIVO                                       "
"1","  1.027e+00"
"1","  -0.658"
"1","
ocupacaoCOMERCIANTE                                                           "
"1","  1.004e-01"
"1","   0.554"
"1","
ocupacaoCOMERCIÁRIO                                                           "
"1","  2.079e-01"
"1","  -3.014"
"1","
ocupacaoCOMUNICÓLOGO                                                          "
"1","  5.981e-01"
"1","  -0.345"
"1","
ocupacaoCONTADOR                                                              "
"1","  1.454e-01"
"1","  -1.001"
"1","
ocupacaoCORRETOR DE IMÓVEIS, SEGUROS, TÍTULOS E VALORES                       "
"1","  1.587e-01"
"1","  -2.928"
"1","
ocupacaoCOZINHEIRO                                                            "
"1","  4.674e-01"
"1","  -2.082"
"1","
ocupacaoDEMONSTRADOR                                                          "
"1","  1.028e+00"
"1","  -0.657"
"1","
ocupacaoDEPUTADO                                                              "
"1","  9.145e-02"
"1","   8.909"
"1","
ocupacaoDESENHISTA                                                            "
"1","  5.212e-01"
"1","  -1.024"
"1","
ocupacaoDESPACHANTE                                                           "
"1","  3.726e-01"
"1","   0.637"
"1","
ocupacaoDETETIVE PARTICULAR                                                   "
"1","  7.278e-01"
"1","  -0.460"
"1","
ocupacaoDIGITADOR                                                             "
"1","  5.216e-01"
"1","  -0.837"
"1","
ocupacaoDIPLOMATA                                                             "
"1","  5.191e-01"
"1","  -0.879"
"1","
ocupacaoDIRETOR DE EMPRESAS                                                   "
"1","  2.201e-01"
"1","  -0.909"
"1","
ocupacaoDIRETOR DE ESTABELECIMENTO DE ENSINO                                  "
"1","  4.655e-01"
"1","  -0.280"
"1","
ocupacaoDONA DE CASA                                                          "
"1","  1.955e-01"
"1","  -1.461"
"1","
ocupacaoECONOMISTA                                                            "
"1","  1.426e-01"
"1","  -0.343"
"1","
ocupacaoELETRICISTA E ASSEMELHADOS                                            "
"1","  2.968e-01"
"1","  -1.945"
"1","
ocupacaoEMPRESÁRIO                                                            "
"1","  9.028e-02"
"1","  -0.225"
"1","
ocupacaoENCANADOR, SOLDADOR, CHAPEADOR E CALDEIREIRO                          "
"1","  1.030e+00"
"1","  -0.577"
"1","
ocupacaoENFERMEIRO                                                            "
"1","  2.443e-01"
"1","   1.189"
"1","
ocupacaoENGENHEIRO                                                            "
"1","  1.142e-01"
"1","   0.549"
"1","
ocupacaoESCRITOR E CRÍTICO                                                    "
"1","  3.516e-01"
"1","  -2.823"
"1","
ocupacaoESCULTOR E PINTOR                                                     "
"1","  1.030e+00"
"1","  -0.929"
"1","
ocupacaoESTETICISTA                                                           "
"1","  5.970e-01"
"1","  -2.198"
"1","
ocupacaoESTIVADOR, CARREGADOR E ASSEMELHADOS                                  "
"1","  1.027e+00"
"1","  -0.129"
"1","
ocupacaoESTUDANTE, BOLSISTA, ESTAGIÁRIO E ASSEMELHADOS                        "
"1","  1.405e-01"
"1","   0.347"
"1","
ocupacaoFARMACÊUTICO                                                          "
"1","  2.961e-01"
"1","   0.325"
"1","
ocupacaoFAXINEIRO                                                             "
"1","  1.029e+00"
"1","  -0.418"
"1","
ocupacaoFEIRANTE, AMBULANTE E MASCATE                                         "
"1","  5.209e-01"
"1","   0.960"
"1","
ocupacaoFERROVIÁRIO                                                           "
"1","  5.982e-01"
"1","   1.426"
"1","
ocupacaoFIANDEIRO, TECELÃO, TINGIDOR E ASSEMELHADOS                           "
"1","  1.029e+00"
"1","   0.263"
"1","
ocupacaoFISCAL                                                                "
"1","  2.553e-01"
"1","  -3.739"
"1","
ocupacaoFISCAL DE TRANSPORTE COLETIVO                                         "
"1","  1.029e+00"
"1","  -0.478"
"1","
ocupacaoFÍSICO                                                                "
"1","  1.026e+00"
"1","  -0.641"
"1","
ocupacaoFISIOTERAPEUTA E TERAPEUTA OCUPACIONAL                                "
"1","  3.514e-01"
"1","   0.776"
"1","
ocupacaoFONOAUDIÓLOGO                                                         "
"1","  1.026e+00"
"1","  -0.766"
"1","
ocupacaoFOTÓGRAFO E ASSEMELHADOS                                              "
"1","  3.072e-01"
"1","  -2.054"
"1","
ocupacaoFRENTISTA                                                             "
"1","  7.441e-01"
"1","  -0.062"
"1","
ocupacaoGARÇOM                                                                "
"1","  5.971e-01"
"1","  -1.215"
"1","
ocupacaoGARI OU LIXEIRO                                                       "
"1","  1.033e+00"
"1","   1.156"
"1","
ocupacaoGEÓGRAFO                                                              "
"1","  5.984e-01"
"1","  -0.807"
"1","
ocupacaoGEÓLOGO                                                               "
"1","  4.673e-01"
"1","   0.452"
"1","
ocupacaoGERENTE                                                               "
"1","  1.918e-01"
"1","  -1.457"
"1","
ocupacaoGUIA DE TURISMO                                                       "
"1","  7.309e-01"
"1","  -0.023"
"1","
ocupacaoHISTORIADOR                                                           "
"1","  3.984e-01"
"1","  -0.641"
"1","
ocupacaoINDUSTRIAL                                                            "
"1","  2.873e-01"
"1","   0.374"
"1","
ocupacaoJORNALISTA E REDATOR                                                  "
"1","  1.486e-01"
"1","  -1.080"
"1","
ocupacaoLEILOEIRO, AVALIADOR E ASSEMELHADOS                                   "
"1","  7.300e-01"
"1","  -1.662"
"1","
ocupacaoLOCUTOR E COMENTARISTA DE RÁDIO E TELEVISÃO E RADIALISTA              "
"1","  1.837e-01"
"1","   2.741"
"1","
ocupacaoMANICURE E MAQUILADOR                                                 "
"1","  1.028e+00"
"1","  -0.889"
"1","
ocupacaoMARINHEIRO CIVIL, CANOEIRO, EMBARCADO E ASSEMELHADOS                  "
"1","  7.297e-01"
"1","  -2.696"
"1","
ocupacaoMECÂNICO DE MANUTENÇÃO                                                "
"1","  3.972e-01"
"1","   1.779"
"1","
ocupacaoMÉDICO                                                                "
"1","  9.864e-02"
"1","   4.432"
"1","
ocupacaoMEMBRO DAS FORÇAS ARMADAS                                             "
"1","  2.108e-01"
"1","  -0.924"
"1","
ocupacaoMEMBRO DO MINISTÉRIO PÚBLICO                                          "
"1","  5.969e-01"
"1","   0.303"
"1","
ocupacaoMESTRE E CONTRAMESTRE DE EMBARCAÇÃO                                   "
"1","  1.030e+00"
"1","   0.390"
"1","
ocupacaoMILITAR REFORMADO                                                     "
"1","  1.401e-01"
"1","  -1.913"
"1","
ocupacaoMODELO                                                                "
"1","  1.032e+00"
"1","   2.996"
"1","
ocupacaoMOTOBOY                                                               "
"1","  5.990e-01"
"1","  -0.004"
"1","
ocupacaoMOTORISTA DE VEÍCULOS DE TRANSPORTE COLETIVO DE PASSAGEIROS           "
"1","  2.513e-01"
"1","  -0.046"
"1","
ocupacaoMOTORISTA DE VEÍCULOS DE TRANSPORTE DE CARGA                          "
"1","  3.364e-01"
"1","  -0.567"
"1","
ocupacaoMOTORISTA PARTICULAR                                                  "
"1","  2.448e-01"
"1","  -1.481"
"1","
ocupacaoMÚSICO                                                                "
"1","  2.623e-01"
"1","   2.800"
"1","
ocupacaoOCUPANTE DE CARGO EM COMISSÃO                                         "
"1","  2.782e-01"
"1","  -0.459"
"1","
ocupacaoODONTÓLOGO                                                            "
"1","  1.777e-01"
"1","  -1.243"
"1","
ocupacaoOPERADOR DE APARELHOS DE PRODUÇÃO INDUSTRIAL                          "
"1","  3.965e-01"
"1","  -2.151"
"1","
ocupacaoOPERADOR DE COMPUTADOR                                                "
"1","  1.027e+00"
"1","  -1.900"
"1","
ocupacaoOPERADOR DE EQUIPAMENTO DE RÁDIO, TELEVISÃO, SOM E CINEMA             "
"1","  7.315e-01"
"1","  -0.773"
"1","
ocupacaoOPERADOR DE INSTALAÇÃO DE PRODUÇÃO DE ENERGIA ELÉTRICA E NUCLEAR      "
"1","  7.291e-01"
"1","  -1.579"
"1","
ocupacaoOUTROS                                                                "
"1","  8.849e-02"
"1","  -2.323"
"1","
ocupacaoPADEIRO, CONFEITEIRO E ASSEMELHADOS                                   "
"1","  6.023e-01"
"1","  -1.080"
"1","
ocupacaoPECUARISTA                                                            "
"1","  2.229e-01"
"1","   0.932"
"1","
ocupacaoPEDAGOGO                                                              "
"1","  2.294e-01"
"1","  -0.071"
"1","
ocupacaoPESCADOR                                                              "
"1","  4.023e-01"
"1","   0.697"
"1","
ocupacaoPETROLEIRO                                                            "
"1","  3.734e-01"
"1","  -0.492"
"1","
ocupacaoPILOTO DE AVIAÇÃO COMERCIAL, NAVEGADOR, MECÂNICO DE VÔO E ASSEMELHADOS"
"1","  5.986e-01"
"1","  -1.518"
"1","
ocupacaoPOLICIAL CIVIL                                                        "
"1","  1.728e-01"
"1","   0.389"
"1","
ocupacaoPOLICIAL MILITAR                                                      "
"1","  1.161e-01"
"1","  -1.308"
"1","
ocupacaoPORTEIRO DE EDIFÍCIO, ASCENSORISTA, GARAGISTA E ZELADOR               "
"1","  5.200e-01"
"1","  -3.295"
"1","
ocupacaoPREFEITO                                                              "
"1","  1.031e+00"
"1","   0.497"
"1","
ocupacaoPRODUTOR AGROPECUÁRIO                                                 "
"1","  2.153e-01"
"1","   0.193"
"1","
ocupacaoPRODUTOR DE ESPETÁCULOS PÚBLICOS                                      "
"1","  3.740e-01"
"1","  -1.870"
"1","
ocupacaoPROFESSOR DE ENSINO FUNDAMENTAL                                       "
"1","  1.484e-01"
"1","  -1.141"
"1","
ocupacaoPROFESSOR DE ENSINO MÉDIO                                             "
"1","  1.120e-01"
"1","  -2.274"
"1","
"
"1","                                                                              "
"1"," Pr(>|t|)"
"1","    "
"1","
(Intercept)                                                                   "
"1","  < 2e-16"
"1"," ***"
"1","
ufAL                                                                          "
"1"," 2.14e-08"
"1"," ***"
"1","
ufAM                                                                          "
"1"," 0.001453"
"1"," ** "
"1","
ufAP                                                                          "
"1"," 0.349880"
"1","    "
"1","
ufBA                                                                          "
"1"," 2.85e-13"
"1"," ***"
"1","
ufCE                                                                          "
"1","  < 2e-16"
"1"," ***"
"1","
ufDF                                                                          "
"1"," 0.499678"
"1","    "
"1","
ufES                                                                          "
"1"," 1.44e-05"
"1"," ***"
"1","
ufGO                                                                          "
"1"," 0.008183"
"1"," ** "
"1","
ufMA                                                                          "
"1","  < 2e-16"
"1"," ***"
"1","
ufMG                                                                          "
"1"," 0.002364"
"1"," ** "
"1","
ufMS                                                                          "
"1"," 0.495501"
"1","    "
"1","
ufMT                                                                          "
"1"," 0.498807"
"1","    "
"1","
ufPA                                                                          "
"1"," 8.81e-12"
"1"," ***"
"1","
ufPB                                                                          "
"1"," 3.58e-07"
"1"," ***"
"1","
ufPE                                                                          "
"1"," 5.12e-11"
"1"," ***"
"1","
ufPI                                                                          "
"1"," 0.009756"
"1"," ** "
"1","
ufPR                                                                          "
"1"," 0.000348"
"1"," ***"
"1","
ufRJ                                                                          "
"1"," 2.34e-06"
"1"," ***"
"1","
ufRN                                                                          "
"1"," 6.33e-07"
"1"," ***"
"1","
ufRO                                                                          "
"1"," 0.025146"
"1"," *  "
"1","
ufRR                                                                          "
"1"," 0.002406"
"1"," ** "
"1","
ufRS                                                                          "
"1"," 0.000880"
"1"," ***"
"1","
ufSC                                                                          "
"1"," 0.001373"
"1"," ** "
"1","
ufSE                                                                          "
"1"," 2.03e-07"
"1"," ***"
"1","
ufSP                                                                          "
"1"," 0.241697"
"1","    "
"1","
ufTO                                                                          "
"1"," 0.332097"
"1","    "
"1","
partidoPAN                                                                    "
"1"," 0.275019"
"1","    "
"1","
partidoPC do B                                                                "
"1"," 0.011880"
"1"," *  "
"1","
partidoPCB                                                                    "
"1"," 0.599459"
"1","    "
"1","
partidoPCO                                                                    "
"1"," 0.039551"
"1"," *  "
"1","
partidoPDT                                                                    "
"1"," 0.636680"
"1","    "
"1","
partidoPFL                                                                    "
"1"," 9.20e-05"
"1"," ***"
"1","
partidoPHS                                                                    "
"1"," 1.17e-08"
"1"," ***"
"1","
partidoPL                                                                     "
"1"," 0.361458"
"1","    "
"1","
partidoPMDB                                                                   "
"1"," 0.037567"
"1"," *  "
"1","
partidoPMN                                                                    "
"1"," 8.09e-07"
"1"," ***"
"1","
partidoPP                                                                     "
"1"," 0.452575"
"1","    "
"1","
partidoPPS                                                                    "
"1"," 0.087975"
"1"," .  "
"1","
partidoPR                                                                     "
"1"," 0.857218"
"1","    "
"1","
partidoPRB                                                                    "
"1"," 0.015623"
"1"," *  "
"1","
partidoPRONA                                                                  "
"1"," 0.731651"
"1","    "
"1","
partidoPRP                                                                    "
"1"," 8.53e-05"
"1"," ***"
"1","
partidoPRTB                                                                   "
"1"," 8.38e-06"
"1"," ***"
"1","
partidoPSB                                                                    "
"1"," 0.046510"
"1"," *  "
"1","
partidoPSC                                                                    "
"1"," 0.740391"
"1","    "
"1","
partidoPSDB                                                                   "
"1"," 0.124033"
"1","    "
"1","
partidoPSDC                                                                   "
"1"," 0.000589"
"1"," ***"
"1","
partidoPSL                                                                    "
"1"," 0.000157"
"1"," ***"
"1","
partidoPSOL                                                                   "
"1"," 3.18e-06"
"1"," ***"
"1","
partidoPSTU                                                                   "
"1"," 0.410275"
"1","    "
"1","
partidoPT                                                                     "
"1"," 0.096324"
"1"," .  "
"1","
partidoPT do B                                                                "
"1"," 0.040041"
"1"," *  "
"1","
partidoPTB                                                                    "
"1"," 0.053519"
"1"," .  "
"1","
partidoPTC                                                                    "
"1"," 6.45e-10"
"1"," ***"
"1","
partidoPTN                                                                    "
"1"," 0.000101"
"1"," ***"
"1","
partidoPV                                                                     "
"1"," 0.054836"
"1"," .  "
"1","
quantidade_doacoes                                                            "
"1"," 0.416898"
"1","    "
"1","
quantidade_doadores                                                           "
"1"," 2.83e-08"
"1"," ***"
"1","
total_receita                                                                 "
"1"," 1.03e-05"
"1"," ***"
"1","
media_receita                                                                 "
"1","  < 2e-16"
"1"," ***"
"1","
recursos_de_outros_candidatos.comites                                         "
"1"," 0.001758"
"1"," ** "
"1","
recursos_de_pessoas_fisicas                                                   "
"1"," 1.74e-08"
"1"," ***"
"1","
recursos_de_pessoas_juridicas                                                 "
"1"," 1.42e-06"
"1"," ***"
"1","
recursos_proprios                                                             "
"1"," 0.193499"
"1","    "
"1","
recursos_de_partido_politico                                                  "
"1","       NA"
"1","    "
"1","
quantidade_despesas                                                           "
"1"," 0.926435"
"1","    "
"1","
quantidade_fornecedores                                                       "
"1"," 1.34e-05"
"1"," ***"
"1","
total_despesa                                                                 "
"1"," 0.005389"
"1"," ** "
"1","
media_despesa                                                                 "
"1"," 0.070564"
"1"," .  "
"1","
sexoMASCULINO                                                                 "
"1","  < 2e-16"
"1"," ***"
"1","
grauENSINO FUNDAMENTAL INCOMPLETO                                             "
"1"," 0.488855"
"1","    "
"1","
grauENSINO MÉDIO COMPLETO                                                     "
"1"," 0.179884"
"1","    "
"1","
grauENSINO MÉDIO INCOMPLETO                                                   "
"1"," 0.718437"
"1","    "
"1","
grauLÊ E ESCREVE                                                              "
"1"," 0.105874"
"1","    "
"1","
grauSUPERIOR COMPLETO                                                         "
"1"," 0.012170"
"1"," *  "
"1","
grauSUPERIOR INCOMPLETO                                                       "
"1"," 0.010012"
"1"," *  "
"1","
estado_civilDIVORCIADO(A)                                                     "
"1"," 0.000237"
"1"," ***"
"1","
estado_civilSEPARADO(A) JUDICIALMENTE                                         "
"1"," 0.000887"
"1"," ***"
"1","
estado_civilSOLTEIRO(A)                                                       "
"1"," 2.47e-11"
"1"," ***"
"1","
estado_civilVIÚVO(A)                                                          "
"1"," 0.304060"
"1","    "
"1","
ocupacaoADVOGADO                                                              "
"1"," 0.177573"
"1","    "
"1","
ocupacaoAGENCIADOR DE PROPAGANDA                                              "
"1"," 0.560565"
"1","    "
"1","
ocupacaoAGENTE ADMINISTRATIVO                                                 "
"1"," 0.000532"
"1"," ***"
"1","
ocupacaoAGENTE DE SAÚDE E SANITARISTA                                         "
"1"," 5.81e-06"
"1"," ***"
"1","
ocupacaoAGENTE DE VIAGEM                                                      "
"1"," 0.479310"
"1","    "
"1","
ocupacaoAGENTE POSTAL                                                         "
"1"," 0.309979"
"1","    "
"1","
ocupacaoAGRICULTOR                                                            "
"1"," 0.816917"
"1","    "
"1","
ocupacaoAGRÔNOMO                                                              "
"1"," 0.052126"
"1"," .  "
"1","
ocupacaoALFAIATE E COSTUREIRO                                                 "
"1"," 0.781037"
"1","    "
"1","
ocupacaoALMOXARIFE                                                            "
"1"," 0.346413"
"1","    "
"1","
ocupacaoANALISTA DE SISTEMAS                                                  "
"1"," 0.186733"
"1","    "
"1","
ocupacaoAPOSENTADO (EXCETO SERVIDOR PÚBLICO)                                  "
"1"," 2.02e-05"
"1"," ***"
"1","
ocupacaoARQUEÓLOGO                                                            "
"1"," 0.325993"
"1","    "
"1","
ocupacaoARQUITETO                                                             "
"1"," 0.668052"
"1","    "
"1","
ocupacaoARTESÃO                                                               "
"1"," 0.034314"
"1"," *  "
"1","
ocupacaoARTISTA DE CIRCO                                                      "
"1"," 0.073210"
"1"," .  "
"1","
ocupacaoARTISTA PLÁSTICO E ASSEMELHADOS                                       "
"1"," 0.219941"
"1","    "
"1","
ocupacaoASSISTENTE SOCIAL                                                     "
"1"," 0.633407"
"1","    "
"1","
ocupacaoASTRÔNOMO                                                             "
"1"," 0.533044"
"1","    "
"1","
ocupacaoATLETA PROFISSIONAL E TÉCNICO EM DESPORTOS                            "
"1"," 0.006070"
"1"," ** "
"1","
ocupacaoATOR E DIRETOR DE ESPETÁCULOS PÚBLICOS                                "
"1"," 0.373031"
"1","    "
"1","
ocupacaoAUXILIAR DE ESCRITÓRIO E ASSEMELHADOS                                 "
"1"," 0.264578"
"1","    "
"1","
ocupacaoAUXILIAR DE LABORATÓRIO                                               "
"1"," 0.520101"
"1","    "
"1","
ocupacaoBANCÁRIO E ECONOMIÁRIO                                                "
"1"," 0.028144"
"1"," *  "
"1","
ocupacaoBIBLIOTECÁRIO                                                         "
"1"," 0.568743"
"1","    "
"1","
ocupacaoBIÓLOGO                                                               "
"1"," 0.333026"
"1","    "
"1","
ocupacaoBIOMÉDICO                                                             "
"1"," 0.711442"
"1","    "
"1","
ocupacaoBOMBEIRO MILITAR                                                      "
"1"," 0.631199"
"1","    "
"1","
ocupacaoCABELEIREIRO E BARBEIRO                                               "
"1"," 0.489252"
"1","    "
"1","
ocupacaoCANTOR E COMPOSITOR                                                   "
"1"," 0.006264"
"1"," ** "
"1","
ocupacaoCAPITALISTA DE ATIVOS FINANCEIROS                                     "
"1"," 0.048739"
"1"," *  "
"1","
ocupacaoCARPINTEIRO, MARCENEIRO E ASSEMELHADOS                                "
"1"," 0.839867"
"1","    "
"1","
ocupacaoCIENTISTA POLÍTICO                                                    "
"1"," 0.763288"
"1","    "
"1","
ocupacaoCOBRADOR DE TRANSPORTE COLETIVO                                       "
"1"," 0.510334"
"1","    "
"1","
ocupacaoCOMERCIANTE                                                           "
"1"," 0.579267"
"1","    "
"1","
ocupacaoCOMERCIÁRIO                                                           "
"1"," 0.002584"
"1"," ** "
"1","
ocupacaoCOMUNICÓLOGO                                                          "
"1"," 0.729897"
"1","    "
"1","
ocupacaoCONTADOR                                                              "
"1"," 0.316687"
"1","    "
"1","
ocupacaoCORRETOR DE IMÓVEIS, SEGUROS, TÍTULOS E VALORES                       "
"1"," 0.003420"
"1"," ** "
"1","
ocupacaoCOZINHEIRO                                                            "
"1"," 0.037400"
"1"," *  "
"1","
ocupacaoDEMONSTRADOR                                                          "
"1"," 0.511480"
"1","    "
"1","
ocupacaoDEPUTADO                                                              "
"1","  < 2e-16"
"1"," ***"
"1","
ocupacaoDESENHISTA                                                            "
"1"," 0.305829"
"1","    "
"1","
ocupacaoDESPACHANTE                                                           "
"1"," 0.523840"
"1","    "
"1","
ocupacaoDETETIVE PARTICULAR                                                   "
"1"," 0.645344"
"1","    "
"1","
ocupacaoDIGITADOR                                                             "
"1"," 0.402498"
"1","    "
"1","
ocupacaoDIPLOMATA                                                             "
"1"," 0.379253"
"1","    "
"1","
ocupacaoDIRETOR DE EMPRESAS                                                   "
"1"," 0.363255"
"1","    "
"1","
ocupacaoDIRETOR DE ESTABELECIMENTO DE ENSINO                                  "
"1"," 0.779288"
"1","    "
"1","
ocupacaoDONA DE CASA                                                          "
"1"," 0.144054"
"1","    "
"1","
ocupacaoECONOMISTA                                                            "
"1"," 0.731813"
"1","    "
"1","
ocupacaoELETRICISTA E ASSEMELHADOS                                            "
"1"," 0.051782"
"1"," .  "
"1","
ocupacaoEMPRESÁRIO                                                            "
"1"," 0.822139"
"1","    "
"1","
ocupacaoENCANADOR, SOLDADOR, CHAPEADOR E CALDEIREIRO                          "
"1"," 0.564042"
"1","    "
"1","
ocupacaoENFERMEIRO                                                            "
"1"," 0.234430"
"1","    "
"1","
ocupacaoENGENHEIRO                                                            "
"1"," 0.583093"
"1","    "
"1","
ocupacaoESCRITOR E CRÍTICO                                                    "
"1"," 0.004764"
"1"," ** "
"1","
ocupacaoESCULTOR E PINTOR                                                     "
"1"," 0.353112"
"1","    "
"1","
ocupacaoESTETICISTA                                                           "
"1"," 0.027957"
"1"," *  "
"1","
ocupacaoESTIVADOR, CARREGADOR E ASSEMELHADOS                                  "
"1"," 0.897747"
"1","    "
"1","
ocupacaoESTUDANTE, BOLSISTA, ESTAGIÁRIO E ASSEMELHADOS                        "
"1"," 0.728406"
"1","    "
"1","
ocupacaoFARMACÊUTICO                                                          "
"1"," 0.745413"
"1","    "
"1","
ocupacaoFAXINEIRO                                                             "
"1"," 0.675853"
"1","    "
"1","
ocupacaoFEIRANTE, AMBULANTE E MASCATE                                         "
"1"," 0.337334"
"1","    "
"1","
ocupacaoFERROVIÁRIO                                                           "
"1"," 0.153892"
"1","    "
"1","
ocupacaoFIANDEIRO, TECELÃO, TINGIDOR E ASSEMELHADOS                           "
"1"," 0.792299"
"1","    "
"1","
ocupacaoFISCAL                                                                "
"1"," 0.000186"
"1"," ***"
"1","
ocupacaoFISCAL DE TRANSPORTE COLETIVO                                         "
"1"," 0.632490"
"1","    "
"1","
ocupacaoFÍSICO                                                                "
"1"," 0.521751"
"1","    "
"1","
ocupacaoFISIOTERAPEUTA E TERAPEUTA OCUPACIONAL                                "
"1"," 0.437697"
"1","    "
"1","
ocupacaoFONOAUDIÓLOGO                                                         "
"1"," 0.443627"
"1","    "
"1","
ocupacaoFOTÓGRAFO E ASSEMELHADOS                                              "
"1"," 0.040025"
"1"," *  "
"1","
ocupacaoFRENTISTA                                                             "
"1"," 0.950786"
"1","    "
"1","
ocupacaoGARÇOM                                                                "
"1"," 0.224497"
"1","    "
"1","
ocupacaoGARI OU LIXEIRO                                                       "
"1"," 0.247638"
"1","    "
"1","
ocupacaoGEÓGRAFO                                                              "
"1"," 0.419421"
"1","    "
"1","
ocupacaoGEÓLOGO                                                               "
"1"," 0.650960"
"1","    "
"1","
ocupacaoGERENTE                                                               "
"1"," 0.145186"
"1","    "
"1","
ocupacaoGUIA DE TURISMO                                                       "
"1"," 0.981273"
"1","    "
"1","
ocupacaoHISTORIADOR                                                           "
"1"," 0.521513"
"1","    "
"1","
ocupacaoINDUSTRIAL                                                            "
"1"," 0.708588"
"1","    "
"1","
ocupacaoJORNALISTA E REDATOR                                                  "
"1"," 0.279982"
"1","    "
"1","
ocupacaoLEILOEIRO, AVALIADOR E ASSEMELHADOS                                   "
"1"," 0.096492"
"1"," .  "
"1","
ocupacaoLOCUTOR E COMENTARISTA DE RÁDIO E TELEVISÃO E RADIALISTA              "
"1"," 0.006133"
"1"," ** "
"1","
ocupacaoMANICURE E MAQUILADOR                                                 "
"1"," 0.373957"
"1","    "
"1","
ocupacaoMARINHEIRO CIVIL, CANOEIRO, EMBARCADO E ASSEMELHADOS                  "
"1"," 0.007028"
"1"," ** "
"1","
ocupacaoMECÂNICO DE MANUTENÇÃO                                                "
"1"," 0.075330"
"1"," .  "
"1","
ocupacaoMÉDICO                                                                "
"1"," 9.48e-06"
"1"," ***"
"1","
ocupacaoMEMBRO DAS FORÇAS ARMADAS                                             "
"1"," 0.355698"
"1","    "
"1","
ocupacaoMEMBRO DO MINISTÉRIO PÚBLICO                                          "
"1"," 0.761786"
"1","    "
"1","
ocupacaoMESTRE E CONTRAMESTRE DE EMBARCAÇÃO                                   "
"1"," 0.696736"
"1","    "
"1","
ocupacaoMILITAR REFORMADO                                                     "
"1"," 0.055806"
"1"," .  "
"1","
ocupacaoMODELO                                                                "
"1"," 0.002744"
"1"," ** "
"1","
ocupacaoMOTOBOY                                                               "
"1"," 0.996671"
"1","    "
"1","
ocupacaoMOTORISTA DE VEÍCULOS DE TRANSPORTE COLETIVO DE PASSAGEIROS           "
"1"," 0.963290"
"1","    "
"1","
ocupacaoMOTORISTA DE VEÍCULOS DE TRANSPORTE DE CARGA                          "
"1"," 0.570760"
"1","    "
"1","
ocupacaoMOTORISTA PARTICULAR                                                  "
"1"," 0.138651"
"1","    "
"1","
ocupacaoMÚSICO                                                                "
"1"," 0.005123"
"1"," ** "
"1","
ocupacaoOCUPANTE DE CARGO EM COMISSÃO                                         "
"1"," 0.646282"
"1","    "
"1","
ocupacaoODONTÓLOGO                                                            "
"1"," 0.213996"
"1","    "
"1","
ocupacaoOPERADOR DE APARELHOS DE PRODUÇÃO INDUSTRIAL                          "
"1"," 0.031498"
"1"," *  "
"1","
ocupacaoOPERADOR DE COMPUTADOR                                                "
"1"," 0.057460"
"1"," .  "
"1","
ocupacaoOPERADOR DE EQUIPAMENTO DE RÁDIO, TELEVISÃO, SOM E CINEMA             "
"1"," 0.439370"
"1","    "
"1","
ocupacaoOPERADOR DE INSTALAÇÃO DE PRODUÇÃO DE ENERGIA ELÉTRICA E NUCLEAR      "
"1"," 0.114277"
"1","    "
"1","
ocupacaoOUTROS                                                                "
"1"," 0.020185"
"1"," *  "
"1","
ocupacaoPADEIRO, CONFEITEIRO E ASSEMELHADOS                                   "
"1"," 0.280354"
"1","    "
"1","
ocupacaoPECUARISTA                                                            "
"1"," 0.351498"
"1","    "
"1","
ocupacaoPEDAGOGO                                                              "
"1"," 0.943305"
"1","    "
"1","
ocupacaoPESCADOR                                                              "
"1"," 0.486135"
"1","    "
"1","
ocupacaoPETROLEIRO                                                            "
"1"," 0.622721"
"1","    "
"1","
ocupacaoPILOTO DE AVIAÇÃO COMERCIAL, NAVEGADOR, MECÂNICO DE VÔO E ASSEMELHADOS"
"1"," 0.128939"
"1","    "
"1","
ocupacaoPOLICIAL CIVIL                                                        "
"1"," 0.696931"
"1","    "
"1","
ocupacaoPOLICIAL MILITAR                                                      "
"1"," 0.190850"
"1","    "
"1","
ocupacaoPORTEIRO DE EDIFÍCIO, ASCENSORISTA, GARAGISTA E ZELADOR               "
"1"," 0.000990"
"1"," ***"
"1","
ocupacaoPREFEITO                                                              "
"1"," 0.619340"
"1","    "
"1","
ocupacaoPRODUTOR AGROPECUÁRIO                                                 "
"1"," 0.846823"
"1","    "
"1","
ocupacaoPRODUTOR DE ESPETÁCULOS PÚBLICOS                                      "
"1"," 0.061502"
"1"," .  "
"1","
ocupacaoPROFESSOR DE ENSINO FUNDAMENTAL                                       "
"1"," 0.253872"
"1","    "
"1","
ocupacaoPROFESSOR DE ENSINO MÉDIO                                             "
"1"," 0.023014"
"1"," *  "
"1","
"
"1"," [ reached getOption(""max.print"") -- omitted 55 rows ]
"
"1","---
Signif. codes:  "
"1","0 ‘***’ 0.001 ‘**’ 0.01 ‘*’ 0.05 ‘.’ 0.1 ‘ ’ 1"
"1","
"
"1","
Residual standard error:"
"1"," "
"1","1.021"
"1"," "
"1","on"
"1"," "
"1","7222"
"1"," "
"1","degrees of freedom"
"1","
"
"1","Multiple R-squared: "
"1"," "
"1","0.7451"
"1",",	Adjusted R-squared: "
"1"," "
"1","0.7361"
"1"," "
"1","
F-statistic:"
"1"," "
"1","83.42"
"1"," "
"1","on"
"1"," "
"1","253"
"1"," "
"1","and"
"1"," "
"1","7222"
"1"," "
"1","DF,  p-value:"
"1"," "
"1","< 2.2e-16"
"1","
"
"1","
"
