"0","eleicoes2006_2010 = select(eleicoes2006_2010, uf, partido, quantidade_doadores, total_receita, media_receita, recursos_de_outros_candidatos.comites, recursos_de_pessoas_fisicas, recursos_de_pessoas_juridicas, quantidade_fornecedores, total_despesa, sexo, grau, estado_civil, ocupacao, votos)"
"0","e2006_2010lm = lm(votos ~ . , data = eleicoes2006_2010)"
"0","print(summary(e2006_2010lm))"
"1","
Call:
"
"1","lm(formula = votos ~ ., data = eleicoes2006_2010)"
"1","

"
"1","Residuals:
"
"1","    Min "
"1","     1Q "
"1"," Median "
"1","     3Q "
"1","    Max "
"1","
"
"1","-6.8099 "
"1","-0.6437 "
"1"," 0.0000 "
"1"," 0.6703 "
"1"," 5.6964 "
"1","
"
"1","
Coefficients:
"
"1","                                                                              "
"1","   Estimate"
"1","
(Intercept)                                                                   "
"1","  5.403e+00"
"1","
ufAL                                                                          "
"1","  9.124e-01"
"1","
ufAM                                                                          "
"1","  5.303e-01"
"1","
ufAP                                                                          "
"1","  1.501e-01"
"1","
ufBA                                                                          "
"1","  1.019e+00"
"1","
ufCE                                                                          "
"1","  1.243e+00"
"1","
ufDF                                                                          "
"1"," -1.041e-01"
"1","
ufES                                                                          "
"1","  6.750e-01"
"1","
ufGO                                                                          "
"1","  3.988e-01"
"1","
ufMA                                                                          "
"1","  1.273e+00"
"1","
ufMG                                                                          "
"1","  4.050e-01"
"1","
ufMS                                                                          "
"1"," -1.154e-01"
"1","
ufMT                                                                          "
"1","  1.191e-01"
"1","
ufPA                                                                          "
"1","  1.003e+00"
"1","
ufPB                                                                          "
"1","  7.990e-01"
"1","
ufPE                                                                          "
"1","  9.496e-01"
"1","
ufPI                                                                          "
"1","  3.947e-01"
"1","
ufPR                                                                          "
"1","  4.974e-01"
"1","
ufRJ                                                                          "
"1","  6.163e-01"
"1","
ufRN                                                                          "
"1","  8.651e-01"
"1","
ufRO                                                                          "
"1","  3.531e-01"
"1","
ufRR                                                                          "
"1"," -4.919e-01"
"1","
ufRS                                                                          "
"1","  4.509e-01"
"1","
ufSC                                                                          "
"1","  4.573e-01"
"1","
ufSE                                                                          "
"1","  9.078e-01"
"1","
ufSP                                                                          "
"1","  1.533e-01"
"1","
ufTO                                                                          "
"1"," -1.555e-01"
"1","
partidoPAN                                                                    "
"1"," -1.741e-01"
"1","
partidoPC do B                                                                "
"1"," -2.924e-01"
"1","
partidoPCB                                                                    "
"1"," -1.581e-01"
"1","
partidoPCO                                                                    "
"1"," -7.280e-01"
"1","
partidoPDT                                                                    "
"1","  4.463e-02"
"1","
partidoPFL                                                                    "
"1","  4.419e-01"
"1","
partidoPHS                                                                    "
"1"," -6.228e-01"
"1","
partidoPL                                                                     "
"1"," -1.045e-01"
"1","
partidoPMDB                                                                   "
"1","  1.940e-01"
"1","
partidoPMN                                                                    "
"1"," -5.246e-01"
"1","
partidoPP                                                                     "
"1","  7.262e-02"
"1","
partidoPPS                                                                    "
"1"," -1.688e-01"
"1","
partidoPR                                                                     "
"1"," -2.529e-02"
"1","
partidoPRB                                                                    "
"1"," -3.033e-01"
"1","
partidoPRONA                                                                  "
"1","  5.367e-02"
"1","
partidoPRP                                                                    "
"1"," -5.083e-01"
"1","
partidoPRTB                                                                   "
"1"," -5.546e-01"
"1","
partidoPSB                                                                    "
"1"," -1.913e-01"
"1","
partidoPSC                                                                    "
"1"," -3.591e-02"
"1","
partidoPSDB                                                                   "
"1","  1.428e-01"
"1","
partidoPSDC                                                                   "
"1"," -4.413e-01"
"1","
partidoPSL                                                                    "
"1"," -4.553e-01"
"1","
partidoPSOL                                                                   "
"1"," -4.805e-01"
"1","
partidoPSTU                                                                   "
"1"," -1.464e-01"
"1","
partidoPT                                                                     "
"1","  1.491e-01"
"1","
partidoPT do B                                                                "
"1"," -2.536e-01"
"1","
partidoPTB                                                                    "
"1"," -1.857e-01"
"1","
partidoPTC                                                                    "
"1"," -6.586e-01"
"1","
partidoPTN                                                                    "
"1"," -5.345e-01"
"1","
partidoPV                                                                     "
"1"," -1.813e-01"
"1","
quantidade_doadores                                                           "
"1","  4.152e-01"
"1","
total_receita                                                                 "
"1"," -7.913e-07"
"1","
media_receita                                                                 "
"1","  1.433e-05"
"1","
recursos_de_outros_candidatos.comites                                         "
"1","  3.926e-07"
"1","
recursos_de_pessoas_fisicas                                                   "
"1","  1.248e-06"
"1","
recursos_de_pessoas_juridicas                                                 "
"1","  5.294e-07"
"1","
quantidade_fornecedores                                                       "
"1","  3.915e-01"
"1","
total_despesa                                                                 "
"1","  5.783e-07"
"1","
sexoMASCULINO                                                                 "
"1","  3.475e-01"
"1","
grauENSINO FUNDAMENTAL INCOMPLETO                                             "
"1","  6.372e-02"
"1","
grauENSINO MÉDIO COMPLETO                                                     "
"1","  7.621e-02"
"1","
grauENSINO MÉDIO INCOMPLETO                                                   "
"1"," -3.421e-02"
"1","
grauLÊ E ESCREVE                                                              "
"1","  3.036e-01"
"1","
grauSUPERIOR COMPLETO                                                         "
"1","  1.436e-01"
"1","
grauSUPERIOR INCOMPLETO                                                       "
"1","  1.638e-01"
"1","
estado_civilDIVORCIADO(A)                                                     "
"1"," -1.512e-01"
"1","
estado_civilSEPARADO(A) JUDICIALMENTE                                         "
"1"," -2.025e-01"
"1","
estado_civilSOLTEIRO(A)                                                       "
"1"," -2.162e-01"
"1","
estado_civilVIÚVO(A)                                                          "
"1"," -9.585e-02"
"1","
ocupacaoADVOGADO                                                              "
"1"," -1.177e-01"
"1","
ocupacaoAGENCIADOR DE PROPAGANDA                                              "
"1"," -4.221e-01"
"1","
ocupacaoAGENTE ADMINISTRATIVO                                                 "
"1"," -7.143e-01"
"1","
ocupacaoAGENTE DE SAÚDE E SANITARISTA                                         "
"1"," -1.526e+00"
"1","
ocupacaoAGENTE DE VIAGEM                                                      "
"1"," -3.280e-01"
"1","
ocupacaoAGENTE POSTAL                                                         "
"1","  5.345e-01"
"1","
ocupacaoAGRICULTOR                                                            "
"1","  4.082e-02"
"1","
ocupacaoAGRÔNOMO                                                              "
"1","  6.018e-01"
"1","
ocupacaoALFAIATE E COSTUREIRO                                                 "
"1"," -2.700e-01"
"1","
ocupacaoALMOXARIFE                                                            "
"1"," -6.814e-01"
"1","
ocupacaoANALISTA DE SISTEMAS                                                  "
"1"," -4.065e-01"
"1","
ocupacaoAPOSENTADO (EXCETO SERVIDOR PÚBLICO)                                  "
"1"," -4.894e-01"
"1","
ocupacaoARQUEÓLOGO                                                            "
"1"," -1.012e+00"
"1","
ocupacaoARQUITETO                                                             "
"1"," -1.045e-01"
"1","
ocupacaoARTESÃO                                                               "
"1"," -7.409e-01"
"1","
ocupacaoARTISTA DE CIRCO                                                      "
"1","  1.324e+00"
"1","
ocupacaoARTISTA PLÁSTICO E ASSEMELHADOS                                       "
"1"," -5.596e-01"
"1","
ocupacaoASSISTENTE SOCIAL                                                     "
"1","  1.253e-01"
"1","
ocupacaoASTRÔNOMO                                                             "
"1","  4.609e-01"
"1","
ocupacaoATLETA PROFISSIONAL E TÉCNICO EM DESPORTOS                            "
"1","  8.798e-01"
"1","
ocupacaoATOR E DIRETOR DE ESPETÁCULOS PÚBLICOS                                "
"1","  2.735e-01"
"1","
ocupacaoAUXILIAR DE ESCRITÓRIO E ASSEMELHADOS                                 "
"1"," -2.571e-01"
"1","
ocupacaoAUXILIAR DE LABORATÓRIO                                               "
"1","  4.800e-01"
"1","
ocupacaoBANCÁRIO E ECONOMIÁRIO                                                "
"1"," -3.503e-01"
"1","
ocupacaoBIBLIOTECÁRIO                                                         "
"1","  4.207e-01"
"1","
ocupacaoBIÓLOGO                                                               "
"1"," -4.157e-01"
"1","
ocupacaoBIOMÉDICO                                                             "
"1"," -2.095e-01"
"1","
ocupacaoBOMBEIRO MILITAR                                                      "
"1"," -1.066e-01"
"1","
ocupacaoCABELEIREIRO E BARBEIRO                                               "
"1"," -1.969e-01"
"1","
ocupacaoCANTOR E COMPOSITOR                                                   "
"1","  5.791e-01"
"1","
ocupacaoCAPITALISTA DE ATIVOS FINANCEIROS                                     "
"1"," -2.022e+00"
"1","
ocupacaoCARPINTEIRO, MARCENEIRO E ASSEMELHADOS                                "
"1"," -9.655e-02"
"1","
ocupacaoCIENTISTA POLÍTICO                                                    "
"1"," -3.040e-01"
"1","
ocupacaoCOBRADOR DE TRANSPORTE COLETIVO                                       "
"1"," -6.633e-01"
"1","
ocupacaoCOMERCIANTE                                                           "
"1","  6.024e-02"
"1","
ocupacaoCOMERCIÁRIO                                                           "
"1"," -6.218e-01"
"1","
ocupacaoCOMUNICÓLOGO                                                          "
"1"," -1.984e-01"
"1","
ocupacaoCONTADOR                                                              "
"1"," -1.413e-01"
"1","
ocupacaoCORRETOR DE IMÓVEIS, SEGUROS, TÍTULOS E VALORES                       "
"1"," -4.592e-01"
"1","
ocupacaoCOZINHEIRO                                                            "
"1"," -9.690e-01"
"1","
ocupacaoDEMONSTRADOR                                                          "
"1"," -6.692e-01"
"1","
ocupacaoDEPUTADO                                                              "
"1","  8.152e-01"
"1","
ocupacaoDESENHISTA                                                            "
"1"," -5.301e-01"
"1","
ocupacaoDESPACHANTE                                                           "
"1","  2.468e-01"
"1","
ocupacaoDETETIVE PARTICULAR                                                   "
"1"," -3.301e-01"
"1","
ocupacaoDIGITADOR                                                             "
"1"," -4.316e-01"
"1","
ocupacaoDIPLOMATA                                                             "
"1"," -4.447e-01"
"1","
ocupacaoDIRETOR DE EMPRESAS                                                   "
"1"," -1.963e-01"
"1","
ocupacaoDIRETOR DE ESTABELECIMENTO DE ENSINO                                  "
"1"," -1.335e-01"
"1","
ocupacaoDONA DE CASA                                                          "
"1"," -2.811e-01"
"1","
ocupacaoECONOMISTA                                                            "
"1"," -4.715e-02"
"1","
ocupacaoELETRICISTA E ASSEMELHADOS                                            "
"1"," -5.685e-01"
"1","
ocupacaoEMPRESÁRIO                                                            "
"1"," -1.435e-02"
"1","
ocupacaoENCANADOR, SOLDADOR, CHAPEADOR E CALDEIREIRO                          "
"1"," -5.941e-01"
"1","
ocupacaoENFERMEIRO                                                            "
"1","  2.962e-01"
"1","
ocupacaoENGENHEIRO                                                            "
"1","  6.641e-02"
"1","
ocupacaoESCRITOR E CRÍTICO                                                    "
"1"," -9.883e-01"
"1","
ocupacaoESCULTOR E PINTOR                                                     "
"1"," -9.447e-01"
"1","
ocupacaoESTETICISTA                                                           "
"1"," -1.310e+00"
"1","
ocupacaoESTIVADOR, CARREGADOR E ASSEMELHADOS                                  "
"1"," -1.300e-01"
"1","
ocupacaoESTUDANTE, BOLSISTA, ESTAGIÁRIO E ASSEMELHADOS                        "
"1","  5.268e-02"
"1","
ocupacaoFARMACÊUTICO                                                          "
"1","  1.013e-01"
"1","
ocupacaoFAXINEIRO                                                             "
"1"," -4.262e-01"
"1","
ocupacaoFEIRANTE, AMBULANTE E MASCATE                                         "
"1","  5.065e-01"
"1","
ocupacaoFERROVIÁRIO                                                           "
"1","  8.675e-01"
"1","
ocupacaoFIANDEIRO, TECELÃO, TINGIDOR E ASSEMELHADOS                           "
"1","  2.927e-01"
"1","
ocupacaoFISCAL                                                                "
"1"," -9.530e-01"
"1","
ocupacaoFISCAL DE TRANSPORTE COLETIVO                                         "
"1"," -4.830e-01"
"1","
ocupacaoFÍSICO                                                                "
"1"," -6.380e-01"
"1","
ocupacaoFISIOTERAPEUTA E TERAPEUTA OCUPACIONAL                                "
"1","  2.770e-01"
"1","
ocupacaoFONOAUDIÓLOGO                                                         "
"1"," -8.012e-01"
"1","
ocupacaoFOTÓGRAFO E ASSEMELHADOS                                              "
"1"," -6.322e-01"
"1","
ocupacaoFRENTISTA                                                             "
"1"," -5.596e-02"
"1","
ocupacaoGARÇOM                                                                "
"1"," -7.172e-01"
"1","
ocupacaoGARI OU LIXEIRO                                                       "
"1","  1.201e+00"
"1","
ocupacaoGEÓGRAFO                                                              "
"1"," -4.835e-01"
"1","
ocupacaoGEÓLOGO                                                               "
"1","  2.061e-01"
"1","
ocupacaoGERENTE                                                               "
"1"," -2.737e-01"
"1","
ocupacaoGUIA DE TURISMO                                                       "
"1"," -1.558e-02"
"1","
ocupacaoHISTORIADOR                                                           "
"1"," -2.405e-01"
"1","
ocupacaoINDUSTRIAL                                                            "
"1","  1.257e-01"
"1","
ocupacaoJORNALISTA E REDATOR                                                  "
"1"," -1.564e-01"
"1","
ocupacaoLEILOEIRO, AVALIADOR E ASSEMELHADOS                                   "
"1"," -1.205e+00"
"1","
ocupacaoLOCUTOR E COMENTARISTA DE RÁDIO E TELEVISÃO E RADIALISTA              "
"1","  5.024e-01"
"1","
ocupacaoMANICURE E MAQUILADOR                                                 "
"1"," -9.037e-01"
"1","
ocupacaoMARINHEIRO CIVIL, CANOEIRO, EMBARCADO E ASSEMELHADOS                  "
"1"," -1.962e+00"
"1","
ocupacaoMECÂNICO DE MANUTENÇÃO                                                "
"1","  7.115e-01"
"1","
ocupacaoMÉDICO                                                                "
"1","  4.388e-01"
"1","
ocupacaoMEMBRO DAS FORÇAS ARMADAS                                             "
"1"," -1.922e-01"
"1","
ocupacaoMEMBRO DO MINISTÉRIO PÚBLICO                                          "
"1","  1.756e-01"
"1","
ocupacaoMESTRE E CONTRAMESTRE DE EMBARCAÇÃO                                   "
"1","  4.143e-01"
"1","
ocupacaoMILITAR REFORMADO                                                     "
"1"," -2.657e-01"
"1","
ocupacaoMODELO                                                                "
"1","  3.061e+00"
"1","
ocupacaoMOTOBOY                                                               "
"1","  9.772e-03"
"1","
ocupacaoMOTORISTA DE VEÍCULOS DE TRANSPORTE COLETIVO DE PASSAGEIROS           "
"1"," -8.731e-03"
"1","
ocupacaoMOTORISTA DE VEÍCULOS DE TRANSPORTE DE CARGA                          "
"1"," -1.817e-01"
"1","
ocupacaoMOTORISTA PARTICULAR                                                  "
"1"," -3.560e-01"
"1","
ocupacaoMÚSICO                                                                "
"1","  7.268e-01"
"1","
ocupacaoOCUPANTE DE CARGO EM COMISSÃO                                         "
"1"," -1.218e-01"
"1","
ocupacaoODONTÓLOGO                                                            "
"1"," -2.198e-01"
"1","
ocupacaoOPERADOR DE APARELHOS DE PRODUÇÃO INDUSTRIAL                          "
"1"," -8.474e-01"
"1","
ocupacaoOPERADOR DE COMPUTADOR                                                "
"1"," -1.951e+00"
"1","
ocupacaoOPERADOR DE EQUIPAMENTO DE RÁDIO, TELEVISÃO, SOM E CINEMA             "
"1"," -5.513e-01"
"1","
ocupacaoOPERADOR DE INSTALAÇÃO DE PRODUÇÃO DE ENERGIA ELÉTRICA E NUCLEAR      "
"1"," -1.142e+00"
"1","
ocupacaoOUTROS                                                                "
"1"," -2.014e-01"
"1","
ocupacaoPADEIRO, CONFEITEIRO E ASSEMELHADOS                                   "
"1"," -6.273e-01"
"1","
ocupacaoPECUARISTA                                                            "
"1","  2.193e-01"
"1","
ocupacaoPEDAGOGO                                                              "
"1"," -4.059e-03"
"1","
ocupacaoPESCADOR                                                              "
"1","  2.819e-01"
"1","
ocupacaoPETROLEIRO                                                            "
"1"," -1.742e-01"
"1","
ocupacaoPILOTO DE AVIAÇÃO COMERCIAL, NAVEGADOR, MECÂNICO DE VÔO E ASSEMELHADOS"
"1"," -9.134e-01"
"1","
ocupacaoPOLICIAL CIVIL                                                        "
"1","  7.520e-02"
"1","
ocupacaoPOLICIAL MILITAR                                                      "
"1"," -1.576e-01"
"1","
ocupacaoPORTEIRO DE EDIFÍCIO, ASCENSORISTA, GARAGISTA E ZELADOR               "
"1"," -1.702e+00"
"1","
ocupacaoPREFEITO                                                              "
"1","  5.112e-01"
"1","
ocupacaoPRODUTOR AGROPECUÁRIO                                                 "
"1","  7.192e-02"
"1","
ocupacaoPRODUTOR DE ESPETÁCULOS PÚBLICOS                                      "
"1"," -6.981e-01"
"1","
ocupacaoPROFESSOR DE ENSINO FUNDAMENTAL                                       "
"1"," -1.668e-01"
"1","
ocupacaoPROFESSOR DE ENSINO MÉDIO                                             "
"1"," -2.529e-01"
"1","
ocupacaoPROFESSOR DE ENSINO SUPERIOR                                          "
"1"," -1.237e-02"
"1","
ocupacaoPROFESSOR E INSTRUTOR DE FORMAÇÃO PROFISSIONAL                        "
"1"," -9.776e-02"
"1","
ocupacaoPROGRAMADOR DE COMPUTADOR                                             "
"1"," -9.657e-02"
"1","
ocupacaoPROTÉTICO                                                             "
"1"," -5.028e-01"
"1","
ocupacaoPSICÓLOGO                                                             "
"1"," -7.886e-02"
"1","
"
"1","                                                                              "
"1"," Std. Error"
"1"," t value"
"1","
(Intercept)                                                                   "
"1","  1.835e-01"
"1","  29.444"
"1","
ufAL                                                                          "
"1","  1.621e-01"
"1","   5.627"
"1","
ufAM                                                                          "
"1","  1.655e-01"
"1","   3.204"
"1","
ufAP                                                                          "
"1","  1.602e-01"
"1","   0.937"
"1","
ufBA                                                                          "
"1","  1.390e-01"
"1","   7.327"
"1","
ufCE                                                                          "
"1","  1.489e-01"
"1","   8.347"
"1","
ufDF                                                                          "
"1","  1.524e-01"
"1","  -0.683"
"1","
ufES                                                                          "
"1","  1.549e-01"
"1","   4.358"
"1","
ufGO                                                                          "
"1","  1.488e-01"
"1","   2.681"
"1","
ufMA                                                                          "
"1","  1.471e-01"
"1","   8.649"
"1","
ufMG                                                                          "
"1","  1.318e-01"
"1","   3.073"
"1","
ufMS                                                                          "
"1","  1.572e-01"
"1","  -0.734"
"1","
ufMT                                                                          "
"1","  1.633e-01"
"1","   0.729"
"1","
ufPA                                                                          "
"1","  1.466e-01"
"1","   6.841"
"1","
ufPB                                                                          "
"1","  1.560e-01"
"1","   5.122"
"1","
ufPE                                                                          "
"1","  1.445e-01"
"1","   6.570"
"1","
ufPI                                                                          "
"1","  1.575e-01"
"1","   2.506"
"1","
ufPR                                                                          "
"1","  1.367e-01"
"1","   3.639"
"1","
ufRJ                                                                          "
"1","  1.308e-01"
"1","   4.711"
"1","
ufRN                                                                          "
"1","  1.738e-01"
"1","   4.979"
"1","
ufRO                                                                          "
"1","  1.568e-01"
"1","   2.251"
"1","
ufRR                                                                          "
"1","  1.622e-01"
"1","  -3.032"
"1","
ufRS                                                                          "
"1","  1.356e-01"
"1","   3.327"
"1","
ufSC                                                                          "
"1","  1.427e-01"
"1","   3.206"
"1","
ufSE                                                                          "
"1","  1.740e-01"
"1","   5.219"
"1","
ufSP                                                                          "
"1","  1.292e-01"
"1","   1.186"
"1","
ufTO                                                                          "
"1","  1.636e-01"
"1","  -0.950"
"1","
partidoPAN                                                                    "
"1","  1.611e-01"
"1","  -1.081"
"1","
partidoPC do B                                                                "
"1","  1.162e-01"
"1","  -2.517"
"1","
partidoPCB                                                                    "
"1","  2.956e-01"
"1","  -0.535"
"1","
partidoPCO                                                                    "
"1","  3.562e-01"
"1","  -2.044"
"1","
partidoPDT                                                                    "
"1","  9.422e-02"
"1","   0.474"
"1","
partidoPFL                                                                    "
"1","  1.118e-01"
"1","   3.954"
"1","
partidoPHS                                                                    "
"1","  1.086e-01"
"1","  -5.735"
"1","
partidoPL                                                                     "
"1","  1.159e-01"
"1","  -0.902"
"1","
partidoPMDB                                                                   "
"1","  9.192e-02"
"1","   2.110"
"1","
partidoPMN                                                                    "
"1","  1.049e-01"
"1","  -5.003"
"1","
partidoPP                                                                     "
"1","  9.930e-02"
"1","   0.731"
"1","
partidoPPS                                                                    "
"1","  9.985e-02"
"1","  -1.691"
"1","
partidoPR                                                                     "
"1","  1.199e-01"
"1","  -0.211"
"1","
partidoPRB                                                                    "
"1","  1.258e-01"
"1","  -2.410"
"1","
partidoPRONA                                                                  "
"1","  1.443e-01"
"1","   0.372"
"1","
partidoPRP                                                                    "
"1","  1.295e-01"
"1","  -3.924"
"1","
partidoPRTB                                                                   "
"1","  1.243e-01"
"1","  -4.463"
"1","
partidoPSB                                                                    "
"1","  9.453e-02"
"1","  -2.023"
"1","
partidoPSC                                                                    "
"1","  1.032e-01"
"1","  -0.348"
"1","
partidoPSDB                                                                   "
"1","  9.387e-02"
"1","   1.521"
"1","
partidoPSDC                                                                   "
"1","  1.284e-01"
"1","  -3.436"
"1","
partidoPSL                                                                    "
"1","  1.175e-01"
"1","  -3.875"
"1","
partidoPSOL                                                                   "
"1","  1.035e-01"
"1","  -4.644"
"1","
partidoPSTU                                                                   "
"1","  1.864e-01"
"1","  -0.786"
"1","
partidoPT                                                                     "
"1","  9.264e-02"
"1","   1.610"
"1","
partidoPT do B                                                                "
"1","  1.231e-01"
"1","  -2.060"
"1","
partidoPTB                                                                    "
"1","  9.655e-02"
"1","  -1.924"
"1","
partidoPTC                                                                    "
"1","  1.063e-01"
"1","  -6.197"
"1","
partidoPTN                                                                    "
"1","  1.369e-01"
"1","  -3.905"
"1","
partidoPV                                                                     "
"1","  9.416e-02"
"1","  -1.925"
"1","
quantidade_doadores                                                           "
"1","  2.027e-02"
"1","  20.481"
"1","
total_receita                                                                 "
"1","  1.899e-07"
"1","  -4.168"
"1","
media_receita                                                                 "
"1","  1.137e-06"
"1","  12.598"
"1","
recursos_de_outros_candidatos.comites                                         "
"1","  1.378e-07"
"1","   2.849"
"1","
recursos_de_pessoas_fisicas                                                   "
"1","  2.285e-07"
"1","   5.459"
"1","
recursos_de_pessoas_juridicas                                                 "
"1","  9.858e-08"
"1","   5.370"
"1","
quantidade_fornecedores                                                       "
"1","  1.622e-02"
"1","  24.143"
"1","
total_despesa                                                                 "
"1","  2.077e-07"
"1","   2.784"
"1","
sexoMASCULINO                                                                 "
"1","  3.761e-02"
"1","   9.240"
"1","
grauENSINO FUNDAMENTAL INCOMPLETO                                             "
"1","  9.158e-02"
"1","   0.696"
"1","
grauENSINO MÉDIO COMPLETO                                                     "
"1","  5.699e-02"
"1","   1.337"
"1","
grauENSINO MÉDIO INCOMPLETO                                                   "
"1","  8.841e-02"
"1","  -0.387"
"1","
grauLÊ E ESCREVE                                                              "
"1","  1.924e-01"
"1","   1.578"
"1","
grauSUPERIOR COMPLETO                                                         "
"1","  5.737e-02"
"1","   2.504"
"1","
grauSUPERIOR INCOMPLETO                                                       "
"1","  6.354e-02"
"1","   2.579"
"1","
estado_civilDIVORCIADO(A)                                                     "
"1","  4.097e-02"
"1","  -3.691"
"1","
estado_civilSEPARADO(A) JUDICIALMENTE                                         "
"1","  6.091e-02"
"1","  -3.325"
"1","
estado_civilSOLTEIRO(A)                                                       "
"1","  3.217e-02"
"1","  -6.720"
"1","
estado_civilVIÚVO(A)                                                          "
"1","  9.397e-02"
"1","  -1.020"
"1","
ocupacaoADVOGADO                                                              "
"1","  8.929e-02"
"1","  -1.319"
"1","
ocupacaoAGENCIADOR DE PROPAGANDA                                              "
"1","  7.301e-01"
"1","  -0.578"
"1","
ocupacaoAGENTE ADMINISTRATIVO                                                 "
"1","  2.076e-01"
"1","  -3.441"
"1","
ocupacaoAGENTE DE SAÚDE E SANITARISTA                                         "
"1","  3.373e-01"
"1","  -4.525"
"1","
ocupacaoAGENTE DE VIAGEM                                                      "
"1","  4.667e-01"
"1","  -0.703"
"1","
ocupacaoAGENTE POSTAL                                                         "
"1","  5.183e-01"
"1","   1.031"
"1","
ocupacaoAGRICULTOR                                                            "
"1","  1.663e-01"
"1","   0.245"
"1","
ocupacaoAGRÔNOMO                                                              "
"1","  3.073e-01"
"1","   1.958"
"1","
ocupacaoALFAIATE E COSTUREIRO                                                 "
"1","  1.030e+00"
"1","  -0.262"
"1","
ocupacaoALMOXARIFE                                                            "
"1","  7.289e-01"
"1","  -0.935"
"1","
ocupacaoANALISTA DE SISTEMAS                                                  "
"1","  3.080e-01"
"1","  -1.320"
"1","
ocupacaoAPOSENTADO (EXCETO SERVIDOR PÚBLICO)                                  "
"1","  1.156e-01"
"1","  -4.235"
"1","
ocupacaoARQUEÓLOGO                                                            "
"1","  1.029e+00"
"1","  -0.983"
"1","
ocupacaoARQUITETO                                                             "
"1","  2.380e-01"
"1","  -0.439"
"1","
ocupacaoARTESÃO                                                               "
"1","  3.529e-01"
"1","  -2.100"
"1","
ocupacaoARTISTA DE CIRCO                                                      "
"1","  7.310e-01"
"1","   1.811"
"1","
ocupacaoARTISTA PLÁSTICO E ASSEMELHADOS                                       "
"1","  4.660e-01"
"1","  -1.201"
"1","
ocupacaoASSISTENTE SOCIAL                                                     "
"1","  2.704e-01"
"1","   0.464"
"1","
ocupacaoASTRÔNOMO                                                             "
"1","  7.286e-01"
"1","   0.633"
"1","
ocupacaoATLETA PROFISSIONAL E TÉCNICO EM DESPORTOS                            "
"1","  3.203e-01"
"1","   2.747"
"1","
ocupacaoATOR E DIRETOR DE ESPETÁCULOS PÚBLICOS                                "
"1","  3.076e-01"
"1","   0.889"
"1","
ocupacaoAUXILIAR DE ESCRITÓRIO E ASSEMELHADOS                                 "
"1","  2.305e-01"
"1","  -1.115"
"1","
ocupacaoAUXILIAR DE LABORATÓRIO                                               "
"1","  7.334e-01"
"1","   0.654"
"1","
ocupacaoBANCÁRIO E ECONOMIÁRIO                                                "
"1","  1.597e-01"
"1","  -2.194"
"1","
ocupacaoBIBLIOTECÁRIO                                                         "
"1","  7.308e-01"
"1","   0.576"
"1","
ocupacaoBIÓLOGO                                                               "
"1","  4.263e-01"
"1","  -0.975"
"1","
ocupacaoBIOMÉDICO                                                             "
"1","  5.967e-01"
"1","  -0.351"
"1","
ocupacaoBOMBEIRO MILITAR                                                      "
"1","  2.254e-01"
"1","  -0.473"
"1","
ocupacaoCABELEIREIRO E BARBEIRO                                               "
"1","  2.972e-01"
"1","  -0.663"
"1","
ocupacaoCANTOR E COMPOSITOR                                                   "
"1","  2.110e-01"
"1","   2.744"
"1","
ocupacaoCAPITALISTA DE ATIVOS FINANCEIROS                                     "
"1","  1.032e+00"
"1","  -1.960"
"1","
ocupacaoCARPINTEIRO, MARCENEIRO E ASSEMELHADOS                                "
"1","  5.209e-01"
"1","  -0.185"
"1","
ocupacaoCIENTISTA POLÍTICO                                                    "
"1","  1.029e+00"
"1","  -0.296"
"1","
ocupacaoCOBRADOR DE TRANSPORTE COLETIVO                                       "
"1","  1.027e+00"
"1","  -0.646"
"1","
ocupacaoCOMERCIANTE                                                           "
"1","  1.004e-01"
"1","   0.600"
"1","
ocupacaoCOMERCIÁRIO                                                           "
"1","  2.079e-01"
"1","  -2.991"
"1","
ocupacaoCOMUNICÓLOGO                                                          "
"1","  5.982e-01"
"1","  -0.332"
"1","
ocupacaoCONTADOR                                                              "
"1","  1.455e-01"
"1","  -0.971"
"1","
ocupacaoCORRETOR DE IMÓVEIS, SEGUROS, TÍTULOS E VALORES                       "
"1","  1.586e-01"
"1","  -2.895"
"1","
ocupacaoCOZINHEIRO                                                            "
"1","  4.674e-01"
"1","  -2.073"
"1","
ocupacaoDEMONSTRADOR                                                          "
"1","  1.028e+00"
"1","  -0.651"
"1","
ocupacaoDEPUTADO                                                              "
"1","  9.144e-02"
"1","   8.914"
"1","
ocupacaoDESENHISTA                                                            "
"1","  5.213e-01"
"1","  -1.017"
"1","
ocupacaoDESPACHANTE                                                           "
"1","  3.725e-01"
"1","   0.662"
"1","
ocupacaoDETETIVE PARTICULAR                                                   "
"1","  7.279e-01"
"1","  -0.453"
"1","
ocupacaoDIGITADOR                                                             "
"1","  5.216e-01"
"1","  -0.827"
"1","
ocupacaoDIPLOMATA                                                             "
"1","  5.191e-01"
"1","  -0.857"
"1","
ocupacaoDIRETOR DE EMPRESAS                                                   "
"1","  2.201e-01"
"1","  -0.892"
"1","
ocupacaoDIRETOR DE ESTABELECIMENTO DE ENSINO                                  "
"1","  4.655e-01"
"1","  -0.287"
"1","
ocupacaoDONA DE CASA                                                          "
"1","  1.955e-01"
"1","  -1.438"
"1","
ocupacaoECONOMISTA                                                            "
"1","  1.426e-01"
"1","  -0.331"
"1","
ocupacaoELETRICISTA E ASSEMELHADOS                                            "
"1","  2.968e-01"
"1","  -1.916"
"1","
ocupacaoEMPRESÁRIO                                                            "
"1","  9.022e-02"
"1","  -0.159"
"1","
ocupacaoENCANADOR, SOLDADOR, CHAPEADOR E CALDEIREIRO                          "
"1","  1.030e+00"
"1","  -0.577"
"1","
ocupacaoENFERMEIRO                                                            "
"1","  2.443e-01"
"1","   1.213"
"1","
ocupacaoENGENHEIRO                                                            "
"1","  1.142e-01"
"1","   0.581"
"1","
ocupacaoESCRITOR E CRÍTICO                                                    "
"1","  3.517e-01"
"1","  -2.810"
"1","
ocupacaoESCULTOR E PINTOR                                                     "
"1","  1.030e+00"
"1","  -0.917"
"1","
ocupacaoESTETICISTA                                                           "
"1","  5.971e-01"
"1","  -2.193"
"1","
ocupacaoESTIVADOR, CARREGADOR E ASSEMELHADOS                                  "
"1","  1.027e+00"
"1","  -0.127"
"1","
ocupacaoESTUDANTE, BOLSISTA, ESTAGIÁRIO E ASSEMELHADOS                        "
"1","  1.405e-01"
"1","   0.375"
"1","
ocupacaoFARMACÊUTICO                                                          "
"1","  2.961e-01"
"1","   0.342"
"1","
ocupacaoFAXINEIRO                                                             "
"1","  1.029e+00"
"1","  -0.414"
"1","
ocupacaoFEIRANTE, AMBULANTE E MASCATE                                         "
"1","  5.209e-01"
"1","   0.972"
"1","
ocupacaoFERROVIÁRIO                                                           "
"1","  5.982e-01"
"1","   1.450"
"1","
ocupacaoFIANDEIRO, TECELÃO, TINGIDOR E ASSEMELHADOS                           "
"1","  1.029e+00"
"1","   0.284"
"1","
ocupacaoFISCAL                                                                "
"1","  2.554e-01"
"1","  -3.732"
"1","
ocupacaoFISCAL DE TRANSPORTE COLETIVO                                         "
"1","  1.029e+00"
"1","  -0.469"
"1","
ocupacaoFÍSICO                                                                "
"1","  1.026e+00"
"1","  -0.622"
"1","
ocupacaoFISIOTERAPEUTA E TERAPEUTA OCUPACIONAL                                "
"1","  3.515e-01"
"1","   0.788"
"1","
ocupacaoFONOAUDIÓLOGO                                                         "
"1","  1.026e+00"
"1","  -0.781"
"1","
ocupacaoFOTÓGRAFO E ASSEMELHADOS                                              "
"1","  3.071e-01"
"1","  -2.059"
"1","
ocupacaoFRENTISTA                                                             "
"1","  7.438e-01"
"1","  -0.075"
"1","
ocupacaoGARÇOM                                                                "
"1","  5.972e-01"
"1","  -1.201"
"1","
ocupacaoGARI OU LIXEIRO                                                       "
"1","  1.033e+00"
"1","   1.162"
"1","
ocupacaoGEÓGRAFO                                                              "
"1","  5.984e-01"
"1","  -0.808"
"1","
ocupacaoGEÓLOGO                                                               "
"1","  4.673e-01"
"1","   0.441"
"1","
ocupacaoGERENTE                                                               "
"1","  1.918e-01"
"1","  -1.427"
"1","
ocupacaoGUIA DE TURISMO                                                       "
"1","  7.310e-01"
"1","  -0.021"
"1","
ocupacaoHISTORIADOR                                                           "
"1","  3.984e-01"
"1","  -0.604"
"1","
ocupacaoINDUSTRIAL                                                            "
"1","  2.871e-01"
"1","   0.438"
"1","
ocupacaoJORNALISTA E REDATOR                                                  "
"1","  1.486e-01"
"1","  -1.053"
"1","
ocupacaoLEILOEIRO, AVALIADOR E ASSEMELHADOS                                   "
"1","  7.301e-01"
"1","  -1.650"
"1","
ocupacaoLOCUTOR E COMENTARISTA DE RÁDIO E TELEVISÃO E RADIALISTA              "
"1","  1.837e-01"
"1","   2.734"
"1","
ocupacaoMANICURE E MAQUILADOR                                                 "
"1","  1.028e+00"
"1","  -0.879"
"1","
ocupacaoMARINHEIRO CIVIL, CANOEIRO, EMBARCADO E ASSEMELHADOS                  "
"1","  7.298e-01"
"1","  -2.688"
"1","
ocupacaoMECÂNICO DE MANUTENÇÃO                                                "
"1","  3.972e-01"
"1","   1.791"
"1","
ocupacaoMÉDICO                                                                "
"1","  9.865e-02"
"1","   4.448"
"1","
ocupacaoMEMBRO DAS FORÇAS ARMADAS                                             "
"1","  2.108e-01"
"1","  -0.912"
"1","
ocupacaoMEMBRO DO MINISTÉRIO PÚBLICO                                          "
"1","  5.969e-01"
"1","   0.294"
"1","
ocupacaoMESTRE E CONTRAMESTRE DE EMBARCAÇÃO                                   "
"1","  1.030e+00"
"1","   0.402"
"1","
ocupacaoMILITAR REFORMADO                                                     "
"1","  1.401e-01"
"1","  -1.896"
"1","
ocupacaoMODELO                                                                "
"1","  1.032e+00"
"1","   2.966"
"1","
ocupacaoMOTOBOY                                                               "
"1","  5.991e-01"
"1","   0.016"
"1","
ocupacaoMOTORISTA DE VEÍCULOS DE TRANSPORTE COLETIVO DE PASSAGEIROS           "
"1","  2.513e-01"
"1","  -0.035"
"1","
ocupacaoMOTORISTA DE VEÍCULOS DE TRANSPORTE DE CARGA                          "
"1","  3.364e-01"
"1","  -0.540"
"1","
ocupacaoMOTORISTA PARTICULAR                                                  "
"1","  2.448e-01"
"1","  -1.454"
"1","
ocupacaoMÚSICO                                                                "
"1","  2.622e-01"
"1","   2.771"
"1","
ocupacaoOCUPANTE DE CARGO EM COMISSÃO                                         "
"1","  2.781e-01"
"1","  -0.438"
"1","
ocupacaoODONTÓLOGO                                                            "
"1","  1.776e-01"
"1","  -1.237"
"1","
ocupacaoOPERADOR DE APARELHOS DE PRODUÇÃO INDUSTRIAL                          "
"1","  3.965e-01"
"1","  -2.137"
"1","
ocupacaoOPERADOR DE COMPUTADOR                                                "
"1","  1.027e+00"
"1","  -1.900"
"1","
ocupacaoOPERADOR DE EQUIPAMENTO DE RÁDIO, TELEVISÃO, SOM E CINEMA             "
"1","  7.316e-01"
"1","  -0.754"
"1","
ocupacaoOPERADOR DE INSTALAÇÃO DE PRODUÇÃO DE ENERGIA ELÉTRICA E NUCLEAR      "
"1","  7.291e-01"
"1","  -1.566"
"1","
ocupacaoOUTROS                                                                "
"1","  8.848e-02"
"1","  -2.276"
"1","
ocupacaoPADEIRO, CONFEITEIRO E ASSEMELHADOS                                   "
"1","  6.020e-01"
"1","  -1.042"
"1","
ocupacaoPECUARISTA                                                            "
"1","  2.228e-01"
"1","   0.984"
"1","
ocupacaoPEDAGOGO                                                              "
"1","  2.294e-01"
"1","  -0.018"
"1","
ocupacaoPESCADOR                                                              "
"1","  4.023e-01"
"1","   0.701"
"1","
ocupacaoPETROLEIRO                                                            "
"1","  3.734e-01"
"1","  -0.467"
"1","
ocupacaoPILOTO DE AVIAÇÃO COMERCIAL, NAVEGADOR, MECÂNICO DE VÔO E ASSEMELHADOS"
"1","  5.987e-01"
"1","  -1.526"
"1","
ocupacaoPOLICIAL CIVIL                                                        "
"1","  1.727e-01"
"1","   0.435"
"1","
ocupacaoPOLICIAL MILITAR                                                      "
"1","  1.160e-01"
"1","  -1.359"
"1","
ocupacaoPORTEIRO DE EDIFÍCIO, ASCENSORISTA, GARAGISTA E ZELADOR               "
"1","  5.200e-01"
"1","  -3.273"
"1","
ocupacaoPREFEITO                                                              "
"1","  1.031e+00"
"1","   0.496"
"1","
ocupacaoPRODUTOR AGROPECUÁRIO                                                 "
"1","  2.149e-01"
"1","   0.335"
"1","
ocupacaoPRODUTOR DE ESPETÁCULOS PÚBLICOS                                      "
"1","  3.740e-01"
"1","  -1.866"
"1","
ocupacaoPROFESSOR DE ENSINO FUNDAMENTAL                                       "
"1","  1.484e-01"
"1","  -1.124"
"1","
ocupacaoPROFESSOR DE ENSINO MÉDIO                                             "
"1","  1.120e-01"
"1","  -2.258"
"1","
ocupacaoPROFESSOR DE ENSINO SUPERIOR                                          "
"1","  1.161e-01"
"1","  -0.107"
"1","
ocupacaoPROFESSOR E INSTRUTOR DE FORMAÇÃO PROFISSIONAL                        "
"1","  2.203e-01"
"1","  -0.444"
"1","
ocupacaoPROGRAMADOR DE COMPUTADOR                                             "
"1","  5.987e-01"
"1","  -0.161"
"1","
ocupacaoPROTÉTICO                                                             "
"1","  1.028e+00"
"1","  -0.489"
"1","
ocupacaoPSICÓLOGO                                                             "
"1","  2.433e-01"
"1","  -0.324"
"1","
"
"1","                                                                              "
"1"," Pr(>|t|)"
"1","    "
"1","
(Intercept)                                                                   "
"1","  < 2e-16"
"1"," ***"
"1","
ufAL                                                                          "
"1"," 1.90e-08"
"1"," ***"
"1","
ufAM                                                                          "
"1"," 0.001362"
"1"," ** "
"1","
ufAP                                                                          "
"1"," 0.348720"
"1","    "
"1","
ufBA                                                                          "
"1"," 2.61e-13"
"1"," ***"
"1","
ufCE                                                                          "
"1","  < 2e-16"
"1"," ***"
"1","
ufDF                                                                          "
"1"," 0.494610"
"1","    "
"1","
ufES                                                                          "
"1"," 1.33e-05"
"1"," ***"
"1","
ufGO                                                                          "
"1"," 0.007363"
"1"," ** "
"1","
ufMA                                                                          "
"1","  < 2e-16"
"1"," ***"
"1","
ufMG                                                                          "
"1"," 0.002126"
"1"," ** "
"1","
ufMS                                                                          "
"1"," 0.462844"
"1","    "
"1","
ufMT                                                                          "
"1"," 0.465989"
"1","    "
"1","
ufPA                                                                          "
"1"," 8.54e-12"
"1"," ***"
"1","
ufPB                                                                          "
"1"," 3.10e-07"
"1"," ***"
"1","
ufPE                                                                          "
"1"," 5.37e-11"
"1"," ***"
"1","
ufPI                                                                          "
"1"," 0.012242"
"1"," *  "
"1","
ufPR                                                                          "
"1"," 0.000276"
"1"," ***"
"1","
ufRJ                                                                          "
"1"," 2.51e-06"
"1"," ***"
"1","
ufRN                                                                          "
"1"," 6.55e-07"
"1"," ***"
"1","
ufRO                                                                          "
"1"," 0.024391"
"1"," *  "
"1","
ufRR                                                                          "
"1"," 0.002436"
"1"," ** "
"1","
ufRS                                                                          "
"1"," 0.000883"
"1"," ***"
"1","
ufSC                                                                          "
"1"," 0.001353"
"1"," ** "
"1","
ufSE                                                                          "
"1"," 1.85e-07"
"1"," ***"
"1","
ufSP                                                                          "
"1"," 0.235569"
"1","    "
"1","
ufTO                                                                          "
"1"," 0.342030"
"1","    "
"1","
partidoPAN                                                                    "
"1"," 0.279700"
"1","    "
"1","
partidoPC do B                                                                "
"1"," 0.011847"
"1"," *  "
"1","
partidoPCB                                                                    "
"1"," 0.592645"
"1","    "
"1","
partidoPCO                                                                    "
"1"," 0.041008"
"1"," *  "
"1","
partidoPDT                                                                    "
"1"," 0.635751"
"1","    "
"1","
partidoPFL                                                                    "
"1"," 7.77e-05"
"1"," ***"
"1","
partidoPHS                                                                    "
"1"," 1.01e-08"
"1"," ***"
"1","
partidoPL                                                                     "
"1"," 0.367284"
"1","    "
"1","
partidoPMDB                                                                   "
"1"," 0.034851"
"1"," *  "
"1","
partidoPMN                                                                    "
"1"," 5.78e-07"
"1"," ***"
"1","
partidoPP                                                                     "
"1"," 0.464604"
"1","    "
"1","
partidoPPS                                                                    "
"1"," 0.090915"
"1"," .  "
"1","
partidoPR                                                                     "
"1"," 0.832984"
"1","    "
"1","
partidoPRB                                                                    "
"1"," 0.015982"
"1"," *  "
"1","
partidoPRONA                                                                  "
"1"," 0.709916"
"1","    "
"1","
partidoPRP                                                                    "
"1"," 8.79e-05"
"1"," ***"
"1","
partidoPRTB                                                                   "
"1"," 8.19e-06"
"1"," ***"
"1","
partidoPSB                                                                    "
"1"," 0.043087"
"1"," *  "
"1","
partidoPSC                                                                    "
"1"," 0.727800"
"1","    "
"1","
partidoPSDB                                                                   "
"1"," 0.128248"
"1","    "
"1","
partidoPSDC                                                                   "
"1"," 0.000594"
"1"," ***"
"1","
partidoPSL                                                                    "
"1"," 0.000107"
"1"," ***"
"1","
partidoPSOL                                                                   "
"1"," 3.48e-06"
"1"," ***"
"1","
partidoPSTU                                                                   "
"1"," 0.432134"
"1","    "
"1","
partidoPT                                                                     "
"1"," 0.107436"
"1","    "
"1","
partidoPT do B                                                                "
"1"," 0.039418"
"1"," *  "
"1","
partidoPTB                                                                    "
"1"," 0.054422"
"1"," .  "
"1","
partidoPTC                                                                    "
"1"," 6.07e-10"
"1"," ***"
"1","
partidoPTN                                                                    "
"1"," 9.51e-05"
"1"," ***"
"1","
partidoPV                                                                     "
"1"," 0.054264"
"1"," .  "
"1","
quantidade_doadores                                                           "
"1","  < 2e-16"
"1"," ***"
"1","
total_receita                                                                 "
"1"," 3.11e-05"
"1"," ***"
"1","
media_receita                                                                 "
"1","  < 2e-16"
"1"," ***"
"1","
recursos_de_outros_candidatos.comites                                         "
"1"," 0.004400"
"1"," ** "
"1","
recursos_de_pessoas_fisicas                                                   "
"1"," 4.94e-08"
"1"," ***"
"1","
recursos_de_pessoas_juridicas                                                 "
"1"," 8.10e-08"
"1"," ***"
"1","
quantidade_fornecedores                                                       "
"1","  < 2e-16"
"1"," ***"
"1","
total_despesa                                                                 "
"1"," 0.005386"
"1"," ** "
"1","
sexoMASCULINO                                                                 "
"1","  < 2e-16"
"1"," ***"
"1","
grauENSINO FUNDAMENTAL INCOMPLETO                                             "
"1"," 0.486613"
"1","    "
"1","
grauENSINO MÉDIO COMPLETO                                                     "
"1"," 0.181215"
"1","    "
"1","
grauENSINO MÉDIO INCOMPLETO                                                   "
"1"," 0.698830"
"1","    "
"1","
grauLÊ E ESCREVE                                                              "
"1"," 0.114718"
"1","    "
"1","
grauSUPERIOR COMPLETO                                                         "
"1"," 0.012303"
"1"," *  "
"1","
grauSUPERIOR INCOMPLETO                                                       "
"1"," 0.009938"
"1"," ** "
"1","
estado_civilDIVORCIADO(A)                                                     "
"1"," 0.000225"
"1"," ***"
"1","
estado_civilSEPARADO(A) JUDICIALMENTE                                         "
"1"," 0.000889"
"1"," ***"
"1","
estado_civilSOLTEIRO(A)                                                       "
"1"," 1.95e-11"
"1"," ***"
"1","
estado_civilVIÚVO(A)                                                          "
"1"," 0.307750"
"1","    "
"1","
ocupacaoADVOGADO                                                              "
"1"," 0.187368"
"1","    "
"1","
ocupacaoAGENCIADOR DE PROPAGANDA                                              "
"1"," 0.563195"
"1","    "
"1","
ocupacaoAGENTE ADMINISTRATIVO                                                 "
"1"," 0.000583"
"1"," ***"
"1","
ocupacaoAGENTE DE SAÚDE E SANITARISTA                                         "
"1"," 6.12e-06"
"1"," ***"
"1","
ocupacaoAGENTE DE VIAGEM                                                      "
"1"," 0.482134"
"1","    "
"1","
ocupacaoAGENTE POSTAL                                                         "
"1"," 0.302393"
"1","    "
"1","
ocupacaoAGRICULTOR                                                            "
"1"," 0.806142"
"1","    "
"1","
ocupacaoAGRÔNOMO                                                              "
"1"," 0.050264"
"1"," .  "
"1","
ocupacaoALFAIATE E COSTUREIRO                                                 "
"1"," 0.793197"
"1","    "
"1","
ocupacaoALMOXARIFE                                                            "
"1"," 0.349918"
"1","    "
"1","
ocupacaoANALISTA DE SISTEMAS                                                  "
"1"," 0.186987"
"1","    "
"1","
ocupacaoAPOSENTADO (EXCETO SERVIDOR PÚBLICO)                                  "
"1"," 2.31e-05"
"1"," ***"
"1","
ocupacaoARQUEÓLOGO                                                            "
"1"," 0.325516"
"1","    "
"1","
ocupacaoARQUITETO                                                             "
"1"," 0.660667"
"1","    "
"1","
ocupacaoARTESÃO                                                               "
"1"," 0.035781"
"1"," *  "
"1","
ocupacaoARTISTA DE CIRCO                                                      "
"1"," 0.070134"
"1"," .  "
"1","
ocupacaoARTISTA PLÁSTICO E ASSEMELHADOS                                       "
"1"," 0.229857"
"1","    "
"1","
ocupacaoASSISTENTE SOCIAL                                                     "
"1"," 0.643000"
"1","    "
"1","
ocupacaoASTRÔNOMO                                                             "
"1"," 0.527001"
"1","    "
"1","
ocupacaoATLETA PROFISSIONAL E TÉCNICO EM DESPORTOS                            "
"1"," 0.006038"
"1"," ** "
"1","
ocupacaoATOR E DIRETOR DE ESPETÁCULOS PÚBLICOS                                "
"1"," 0.373868"
"1","    "
"1","
ocupacaoAUXILIAR DE ESCRITÓRIO E ASSEMELHADOS                                 "
"1"," 0.264844"
"1","    "
"1","
ocupacaoAUXILIAR DE LABORATÓRIO                                               "
"1"," 0.512816"
"1","    "
"1","
ocupacaoBANCÁRIO E ECONOMIÁRIO                                                "
"1"," 0.028233"
"1"," *  "
"1","
ocupacaoBIBLIOTECÁRIO                                                         "
"1"," 0.564860"
"1","    "
"1","
ocupacaoBIÓLOGO                                                               "
"1"," 0.329574"
"1","    "
"1","
ocupacaoBIOMÉDICO                                                             "
"1"," 0.725522"
"1","    "
"1","
ocupacaoBOMBEIRO MILITAR                                                      "
"1"," 0.636288"
"1","    "
"1","
ocupacaoCABELEIREIRO E BARBEIRO                                               "
"1"," 0.507622"
"1","    "
"1","
ocupacaoCANTOR E COMPOSITOR                                                   "
"1"," 0.006076"
"1"," ** "
"1","
ocupacaoCAPITALISTA DE ATIVOS FINANCEIROS                                     "
"1"," 0.050088"
"1"," .  "
"1","
ocupacaoCARPINTEIRO, MARCENEIRO E ASSEMELHADOS                                "
"1"," 0.852950"
"1","    "
"1","
ocupacaoCIENTISTA POLÍTICO                                                    "
"1"," 0.767550"
"1","    "
"1","
ocupacaoCOBRADOR DE TRANSPORTE COLETIVO                                       "
"1"," 0.518429"
"1","    "
"1","
ocupacaoCOMERCIANTE                                                           "
"1"," 0.548369"
"1","    "
"1","
ocupacaoCOMERCIÁRIO                                                           "
"1"," 0.002787"
"1"," ** "
"1","
ocupacaoCOMUNICÓLOGO                                                          "
"1"," 0.740115"
"1","    "
"1","
ocupacaoCONTADOR                                                              "
"1"," 0.331454"
"1","    "
"1","
ocupacaoCORRETOR DE IMÓVEIS, SEGUROS, TÍTULOS E VALORES                       "
"1"," 0.003803"
"1"," ** "
"1","
ocupacaoCOZINHEIRO                                                            "
"1"," 0.038214"
"1"," *  "
"1","
ocupacaoDEMONSTRADOR                                                          "
"1"," 0.515221"
"1","    "
"1","
ocupacaoDEPUTADO                                                              "
"1","  < 2e-16"
"1"," ***"
"1","
ocupacaoDESENHISTA                                                            "
"1"," 0.309220"
"1","    "
"1","
ocupacaoDESPACHANTE                                                           "
"1"," 0.507706"
"1","    "
"1","
ocupacaoDETETIVE PARTICULAR                                                   "
"1"," 0.650249"
"1","    "
"1","
ocupacaoDIGITADOR                                                             "
"1"," 0.408078"
"1","    "
"1","
ocupacaoDIPLOMATA                                                             "
"1"," 0.391555"
"1","    "
"1","
ocupacaoDIRETOR DE EMPRESAS                                                   "
"1"," 0.372541"
"1","    "
"1","
ocupacaoDIRETOR DE ESTABELECIMENTO DE ENSINO                                  "
"1"," 0.774325"
"1","    "
"1","
ocupacaoDONA DE CASA                                                          "
"1"," 0.150535"
"1","    "
"1","
ocupacaoECONOMISTA                                                            "
"1"," 0.740876"
"1","    "
"1","
ocupacaoELETRICISTA E ASSEMELHADOS                                            "
"1"," 0.055426"
"1"," .  "
"1","
ocupacaoEMPRESÁRIO                                                            "
"1"," 0.873643"
"1","    "
"1","
ocupacaoENCANADOR, SOLDADOR, CHAPEADOR E CALDEIREIRO                          "
"1"," 0.564120"
"1","    "
"1","
ocupacaoENFERMEIRO                                                            "
"1"," 0.225306"
"1","    "
"1","
ocupacaoENGENHEIRO                                                            "
"1"," 0.561038"
"1","    "
"1","
ocupacaoESCRITOR E CRÍTICO                                                    "
"1"," 0.004960"
"1"," ** "
"1","
ocupacaoESCULTOR E PINTOR                                                     "
"1"," 0.358969"
"1","    "
"1","
ocupacaoESTETICISTA                                                           "
"1"," 0.028306"
"1"," *  "
"1","
ocupacaoESTIVADOR, CARREGADOR E ASSEMELHADOS                                  "
"1"," 0.899287"
"1","    "
"1","
ocupacaoESTUDANTE, BOLSISTA, ESTAGIÁRIO E ASSEMELHADOS                        "
"1"," 0.707665"
"1","    "
"1","
ocupacaoFARMACÊUTICO                                                          "
"1"," 0.732394"
"1","    "
"1","
ocupacaoFAXINEIRO                                                             "
"1"," 0.678876"
"1","    "
"1","
ocupacaoFEIRANTE, AMBULANTE E MASCATE                                         "
"1"," 0.330932"
"1","    "
"1","
ocupacaoFERROVIÁRIO                                                           "
"1"," 0.147009"
"1","    "
"1","
ocupacaoFIANDEIRO, TECELÃO, TINGIDOR E ASSEMELHADOS                           "
"1"," 0.776149"
"1","    "
"1","
ocupacaoFISCAL                                                                "
"1"," 0.000191"
"1"," ***"
"1","
ocupacaoFISCAL DE TRANSPORTE COLETIVO                                         "
"1"," 0.638865"
"1","    "
"1","
ocupacaoFÍSICO                                                                "
"1"," 0.534285"
"1","    "
"1","
ocupacaoFISIOTERAPEUTA E TERAPEUTA OCUPACIONAL                                "
"1"," 0.430616"
"1","    "
"1","
ocupacaoFONOAUDIÓLOGO                                                         "
"1"," 0.434940"
"1","    "
"1","
ocupacaoFOTÓGRAFO E ASSEMELHADOS                                              "
"1"," 0.039528"
"1"," *  "
"1","
ocupacaoFRENTISTA                                                             "
"1"," 0.940030"
"1","    "
"1","
ocupacaoGARÇOM                                                                "
"1"," 0.229750"
"1","    "
"1","
ocupacaoGARI OU LIXEIRO                                                       "
"1"," 0.245126"
"1","    "
"1","
ocupacaoGEÓGRAFO                                                              "
"1"," 0.419165"
"1","    "
"1","
ocupacaoGEÓLOGO                                                               "
"1"," 0.659206"
"1","    "
"1","
ocupacaoGERENTE                                                               "
"1"," 0.153561"
"1","    "
"1","
ocupacaoGUIA DE TURISMO                                                       "
"1"," 0.983002"
"1","    "
"1","
ocupacaoHISTORIADOR                                                           "
"1"," 0.546080"
"1","    "
"1","
ocupacaoINDUSTRIAL                                                            "
"1"," 0.661503"
"1","    "
"1","
ocupacaoJORNALISTA E REDATOR                                                  "
"1"," 0.292515"
"1","    "
"1","
ocupacaoLEILOEIRO, AVALIADOR E ASSEMELHADOS                                   "
"1"," 0.098918"
"1"," .  "
"1","
ocupacaoLOCUTOR E COMENTARISTA DE RÁDIO E TELEVISÃO E RADIALISTA              "
"1"," 0.006264"
"1"," ** "
"1","
ocupacaoMANICURE E MAQUILADOR                                                 "
"1"," 0.379284"
"1","    "
"1","
ocupacaoMARINHEIRO CIVIL, CANOEIRO, EMBARCADO E ASSEMELHADOS                  "
"1"," 0.007200"
"1"," ** "
"1","
ocupacaoMECÂNICO DE MANUTENÇÃO                                                "
"1"," 0.073272"
"1"," .  "
"1","
ocupacaoMÉDICO                                                                "
"1"," 8.78e-06"
"1"," ***"
"1","
ocupacaoMEMBRO DAS FORÇAS ARMADAS                                             "
"1"," 0.361809"
"1","    "
"1","
ocupacaoMEMBRO DO MINISTÉRIO PÚBLICO                                          "
"1"," 0.768586"
"1","    "
"1","
ocupacaoMESTRE E CONTRAMESTRE DE EMBARCAÇÃO                                   "
"1"," 0.687435"
"1","    "
"1","
ocupacaoMILITAR REFORMADO                                                     "
"1"," 0.058002"
"1"," .  "
"1","
ocupacaoMODELO                                                                "
"1"," 0.003026"
"1"," ** "
"1","
ocupacaoMOTOBOY                                                               "
"1"," 0.986986"
"1","    "
"1","
ocupacaoMOTORISTA DE VEÍCULOS DE TRANSPORTE COLETIVO DE PASSAGEIROS           "
"1"," 0.972284"
"1","    "
"1","
ocupacaoMOTORISTA DE VEÍCULOS DE TRANSPORTE DE CARGA                          "
"1"," 0.589172"
"1","    "
"1","
ocupacaoMOTORISTA PARTICULAR                                                  "
"1"," 0.145858"
"1","    "
"1","
ocupacaoMÚSICO                                                                "
"1"," 0.005595"
"1"," ** "
"1","
ocupacaoOCUPANTE DE CARGO EM COMISSÃO                                         "
"1"," 0.661432"
"1","    "
"1","
ocupacaoODONTÓLOGO                                                            "
"1"," 0.216022"
"1","    "
"1","
ocupacaoOPERADOR DE APARELHOS DE PRODUÇÃO INDUSTRIAL                          "
"1"," 0.032616"
"1"," *  "
"1","
ocupacaoOPERADOR DE COMPUTADOR                                                "
"1"," 0.057428"
"1"," .  "
"1","
ocupacaoOPERADOR DE EQUIPAMENTO DE RÁDIO, TELEVISÃO, SOM E CINEMA             "
"1"," 0.451146"
"1","    "
"1","
ocupacaoOPERADOR DE INSTALAÇÃO DE PRODUÇÃO DE ENERGIA ELÉTRICA E NUCLEAR      "
"1"," 0.117381"
"1","    "
"1","
ocupacaoOUTROS                                                                "
"1"," 0.022892"
"1"," *  "
"1","
ocupacaoPADEIRO, CONFEITEIRO E ASSEMELHADOS                                   "
"1"," 0.297461"
"1","    "
"1","
ocupacaoPECUARISTA                                                            "
"1"," 0.324945"
"1","    "
"1","
ocupacaoPEDAGOGO                                                              "
"1"," 0.985880"
"1","    "
"1","
ocupacaoPESCADOR                                                              "
"1"," 0.483558"
"1","    "
"1","
ocupacaoPETROLEIRO                                                            "
"1"," 0.640843"
"1","    "
"1","
ocupacaoPILOTO DE AVIAÇÃO COMERCIAL, NAVEGADOR, MECÂNICO DE VÔO E ASSEMELHADOS"
"1"," 0.127155"
"1","    "
"1","
ocupacaoPOLICIAL CIVIL                                                        "
"1"," 0.663345"
"1","    "
"1","
ocupacaoPOLICIAL MILITAR                                                      "
"1"," 0.174309"
"1","    "
"1","
ocupacaoPORTEIRO DE EDIFÍCIO, ASCENSORISTA, GARAGISTA E ZELADOR               "
"1"," 0.001068"
"1"," ** "
"1","
ocupacaoPREFEITO                                                              "
"1"," 0.619998"
"1","    "
"1","
ocupacaoPRODUTOR AGROPECUÁRIO                                                 "
"1"," 0.737880"
"1","    "
"1","
ocupacaoPRODUTOR DE ESPETÁCULOS PÚBLICOS                                      "
"1"," 0.062031"
"1"," .  "
"1","
ocupacaoPROFESSOR DE ENSINO FUNDAMENTAL                                       "
"1"," 0.260867"
"1","    "
"1","
ocupacaoPROFESSOR DE ENSINO MÉDIO                                             "
"1"," 0.023980"
"1"," *  "
"1","
ocupacaoPROFESSOR DE ENSINO SUPERIOR                                          "
"1"," 0.915129"
"1","    "
"1","
ocupacaoPROFESSOR E INSTRUTOR DE FORMAÇÃO PROFISSIONAL                        "
"1"," 0.657210"
"1","    "
"1","
ocupacaoPROGRAMADOR DE COMPUTADOR                                             "
"1"," 0.871861"
"1","    "
"1","
ocupacaoPROTÉTICO                                                             "
"1"," 0.624696"
"1","    "
"1","
ocupacaoPSICÓLOGO                                                             "
"1"," 0.745865"
"1","    "
"1","
"
"1"," [ reached getOption(""max.print"") -- omitted 50 rows ]
"
"1","---
Signif. codes:  "
"1","0 ‘***’ 0.001 ‘**’ 0.01 ‘*’ 0.05 ‘.’ 0.1 ‘ ’ 1"
"1","
"
"1","
Residual standard error:"
"1"," "
"1","1.021"
"1"," "
"1","on"
"1"," "
"1","7226"
"1"," "
"1","degrees of freedom"
"1","
"
"1","Multiple R-squared: "
"1"," "
"1","0.7448"
"1",",	Adjusted R-squared: "
"1"," "
"1","0.736"
"1"," "
"1","
F-statistic:"
"1"," "
"1","84.71"
"1"," "
"1","on"
"1"," "
"1","249"
"1"," "
"1","and"
"1"," "
"1","7226"
"1"," "
"1","DF,  p-value:"
"1"," "
"1","< 2.2e-16"
"1","
"
"1","
"
